Puntos turísticos;Viajeros y pernoctaciones;Residencia;Periodo;Total
08019 Barcelona;Viajero;Residentes en España;2025M03;136.856
08019 Barcelona;Viajero;Residentes en España;2025M02;132.915
08019 Barcelona;Viajero;Residentes en España;2025M01;124.822
08019 Barcelona;Viajero;Residentes en España;2024M12;146.746
08019 Barcelona;Viajero;Residentes en España;2024M11;141.930
08019 Barcelona;Viajero;Residentes en España;2024M10;126.791
08019 Barcelona;Viajero;Residentes en España;2024M09;109.708
08019 Barcelona;Viajero;Residentes en España;2024M08;85.504
08019 Barcelona;Viajero;Residentes en España;2024M07;116.447
08019 Barcelona;Viajero;Residentes en España;2024M06;113.789
08019 Barcelona;Viajero;Residentes en España;2024M05;117.270
08019 Barcelona;Viajero;Residentes en España;2024M04;114.569
08019 Barcelona;Viajero;Residentes en España;2024M03;133.896
08019 Barcelona;Viajero;Residentes en España;2024M02;125.927
08019 Barcelona;Viajero;Residentes en España;2024M01;124.769
08019 Barcelona;Viajero;Residentes en España;2023M12;142.849
08019 Barcelona;Viajero;Residentes en España;2023M11;136.749
08019 Barcelona;Viajero;Residentes en España;2023M10;128.511
08019 Barcelona;Viajero;Residentes en España;2023M09;110.334
08019 Barcelona;Viajero;Residentes en España;2023M08;92.500
08019 Barcelona;Viajero;Residentes en España;2023M07;133.720
08019 Barcelona;Viajero;Residentes en España;2023M06;127.237
08019 Barcelona;Viajero;Residentes en España;2023M05;142.258
08019 Barcelona;Viajero;Residentes en España;2023M04;125.368
08019 Barcelona;Viajero;Residentes en España;2023M03;154.063
08019 Barcelona;Viajero;Residentes en España;2023M02;134.687
08019 Barcelona;Viajero;Residentes en España;2023M01;142.686
08019 Barcelona;Viajero;Residentes en España;2022M12;152.465
08019 Barcelona;Viajero;Residentes en España;2022M11;150.835
08019 Barcelona;Viajero;Residentes en España;2022M10;139.998
08019 Barcelona;Viajero;Residentes en España;2022M09;121.281
08019 Barcelona;Viajero;Residentes en España;2022M08;96.358
08019 Barcelona;Viajero;Residentes en España;2022M07;131.917
08019 Barcelona;Viajero;Residentes en España;2022M06;116.100
08019 Barcelona;Viajero;Residentes en España;2022M05;121.543
08019 Barcelona;Viajero;Residentes en España;2022M04;144.248
08019 Barcelona;Viajero;Residentes en España;2022M03;141.363
08019 Barcelona;Viajero;Residentes en España;2022M02;122.095
08019 Barcelona;Viajero;Residentes en España;2022M01;104.096
08019 Barcelona;Viajero;Residentes en España;2021M12;144.342
08019 Barcelona;Viajero;Residentes en España;2021M11;125.077
08019 Barcelona;Viajero;Residentes en España;2021M10;131.297
08019 Barcelona;Viajero;Residentes en España;2021M09;102.312
08019 Barcelona;Viajero;Residentes en España;2021M08;94.878
08019 Barcelona;Viajero;Residentes en España;2021M07;100.090
08019 Barcelona;Viajero;Residentes en España;2021M06;88.706
08019 Barcelona;Viajero;Residentes en España;2021M05;75.615
08019 Barcelona;Viajero;Residentes en España;2021M04;59.229
08019 Barcelona;Viajero;Residentes en España;2021M03;64.146
08019 Barcelona;Viajero;Residentes en España;2021M02;55.121
08019 Barcelona;Viajero;Residentes en España;2021M01;42.324
08019 Barcelona;Viajero;Residentes en España;2020M12;52.677
08019 Barcelona;Viajero;Residentes en España;2020M11;35.899
08019 Barcelona;Viajero;Residentes en España;2020M10;41.402
08019 Barcelona;Viajero;Residentes en España;2020M09;45.474
08019 Barcelona;Viajero;Residentes en España;2020M08;35.260
08019 Barcelona;Viajero;Residentes en España;2020M07;35.238
08019 Barcelona;Viajero;Residentes en España;2020M06;.
08019 Barcelona;Viajero;Residentes en España;2020M05;.
08019 Barcelona;Viajero;Residentes en España;2020M04;0
08019 Barcelona;Viajero;Residentes en España;2020M03;56.054
08019 Barcelona;Viajero;Residentes en España;2020M02;129.590
08019 Barcelona;Viajero;Residentes en España;2020M01;123.853
08019 Barcelona;Viajero;Residentes en el Extranjero;2025M03;574.012
08019 Barcelona;Viajero;Residentes en el Extranjero;2025M02;475.750
08019 Barcelona;Viajero;Residentes en el Extranjero;2025M01;442.680
08019 Barcelona;Viajero;Residentes en el Extranjero;2024M12;451.049
08019 Barcelona;Viajero;Residentes en el Extranjero;2024M11;515.142
08019 Barcelona;Viajero;Residentes en el Extranjero;2024M10;640.982
08019 Barcelona;Viajero;Residentes en el Extranjero;2024M09;602.092
08019 Barcelona;Viajero;Residentes en el Extranjero;2024M08;700.734
08019 Barcelona;Viajero;Residentes en el Extranjero;2024M07;683.748
08019 Barcelona;Viajero;Residentes en el Extranjero;2024M06;636.553
08019 Barcelona;Viajero;Residentes en el Extranjero;2024M05;677.123
08019 Barcelona;Viajero;Residentes en el Extranjero;2024M04;609.582
08019 Barcelona;Viajero;Residentes en el Extranjero;2024M03;565.435
08019 Barcelona;Viajero;Residentes en el Extranjero;2024M02;462.908
08019 Barcelona;Viajero;Residentes en el Extranjero;2024M01;419.300
08019 Barcelona;Viajero;Residentes en el Extranjero;2023M12;427.744
08019 Barcelona;Viajero;Residentes en el Extranjero;2023M11;502.496
08019 Barcelona;Viajero;Residentes en el Extranjero;2023M10;625.700
08019 Barcelona;Viajero;Residentes en el Extranjero;2023M09;622.831
08019 Barcelona;Viajero;Residentes en el Extranjero;2023M08;671.430
08019 Barcelona;Viajero;Residentes en el Extranjero;2023M07;654.591
08019 Barcelona;Viajero;Residentes en el Extranjero;2023M06;630.620
08019 Barcelona;Viajero;Residentes en el Extranjero;2023M05;632.402
08019 Barcelona;Viajero;Residentes en el Extranjero;2023M04;591.529
08019 Barcelona;Viajero;Residentes en el Extranjero;2023M03;509.051
08019 Barcelona;Viajero;Residentes en el Extranjero;2023M02;419.016
08019 Barcelona;Viajero;Residentes en el Extranjero;2023M01;381.111
08019 Barcelona;Viajero;Residentes en el Extranjero;2022M12;389.578
08019 Barcelona;Viajero;Residentes en el Extranjero;2022M11;444.662
08019 Barcelona;Viajero;Residentes en el Extranjero;2022M10;606.738
08019 Barcelona;Viajero;Residentes en el Extranjero;2022M09;591.844
08019 Barcelona;Viajero;Residentes en el Extranjero;2022M08;617.726
08019 Barcelona;Viajero;Residentes en el Extranjero;2022M07;613.917
08019 Barcelona;Viajero;Residentes en el Extranjero;2022M06;583.224
08019 Barcelona;Viajero;Residentes en el Extranjero;2022M05;574.378
08019 Barcelona;Viajero;Residentes en el Extranjero;2022M04;516.579
08019 Barcelona;Viajero;Residentes en el Extranjero;2022M03;400.273
08019 Barcelona;Viajero;Residentes en el Extranjero;2022M02;300.610
08019 Barcelona;Viajero;Residentes en el Extranjero;2022M01;193.446
08019 Barcelona;Viajero;Residentes en el Extranjero;2021M12;254.682
08019 Barcelona;Viajero;Residentes en el Extranjero;2021M11;317.618
08019 Barcelona;Viajero;Residentes en el Extranjero;2021M10;367.560
08019 Barcelona;Viajero;Residentes en el Extranjero;2021M09;303.450
08019 Barcelona;Viajero;Residentes en el Extranjero;2021M08;347.815
08019 Barcelona;Viajero;Residentes en el Extranjero;2021M07;242.904
08019 Barcelona;Viajero;Residentes en el Extranjero;2021M06;142.666
08019 Barcelona;Viajero;Residentes en el Extranjero;2021M05;87.339
08019 Barcelona;Viajero;Residentes en el Extranjero;2021M04;40.560
08019 Barcelona;Viajero;Residentes en el Extranjero;2021M03;32.200
08019 Barcelona;Viajero;Residentes en el Extranjero;2021M02;22.724
08019 Barcelona;Viajero;Residentes en el Extranjero;2021M01;22.102
08019 Barcelona;Viajero;Residentes en el Extranjero;2020M12;26.262
08019 Barcelona;Viajero;Residentes en el Extranjero;2020M11;16.385
08019 Barcelona;Viajero;Residentes en el Extranjero;2020M10;34.510
08019 Barcelona;Viajero;Residentes en el Extranjero;2020M09;42.397
08019 Barcelona;Viajero;Residentes en el Extranjero;2020M08;67.299
08019 Barcelona;Viajero;Residentes en el Extranjero;2020M07;65.129
08019 Barcelona;Viajero;Residentes en el Extranjero;2020M06;.
08019 Barcelona;Viajero;Residentes en el Extranjero;2020M05;.
08019 Barcelona;Viajero;Residentes en el Extranjero;2020M04;0
08019 Barcelona;Viajero;Residentes en el Extranjero;2020M03;168.314
08019 Barcelona;Viajero;Residentes en el Extranjero;2020M02;453.608
08019 Barcelona;Viajero;Residentes en el Extranjero;2020M01;459.355
08019 Barcelona;Pernoctaciones;Residentes en España;2025M03;237.882
08019 Barcelona;Pernoctaciones;Residentes en España;2025M02;229.705
08019 Barcelona;Pernoctaciones;Residentes en España;2025M01;226.076
08019 Barcelona;Pernoctaciones;Residentes en España;2024M12;261.474
08019 Barcelona;Pernoctaciones;Residentes en España;2024M11;253.250
08019 Barcelona;Pernoctaciones;Residentes en España;2024M10;234.403
08019 Barcelona;Pernoctaciones;Residentes en España;2024M09;214.282
08019 Barcelona;Pernoctaciones;Residentes en España;2024M08;176.294
08019 Barcelona;Pernoctaciones;Residentes en España;2024M07;230.272
08019 Barcelona;Pernoctaciones;Residentes en España;2024M06;213.610
08019 Barcelona;Pernoctaciones;Residentes en España;2024M05;221.200
08019 Barcelona;Pernoctaciones;Residentes en España;2024M04;217.600
08019 Barcelona;Pernoctaciones;Residentes en España;2024M03;252.606
08019 Barcelona;Pernoctaciones;Residentes en España;2024M02;231.328
08019 Barcelona;Pernoctaciones;Residentes en España;2024M01;234.746
08019 Barcelona;Pernoctaciones;Residentes en España;2023M12;268.926
08019 Barcelona;Pernoctaciones;Residentes en España;2023M11;262.792
08019 Barcelona;Pernoctaciones;Residentes en España;2023M10;256.947
08019 Barcelona;Pernoctaciones;Residentes en España;2023M09;212.875
08019 Barcelona;Pernoctaciones;Residentes en España;2023M08;197.239
08019 Barcelona;Pernoctaciones;Residentes en España;2023M07;280.103
08019 Barcelona;Pernoctaciones;Residentes en España;2023M06;233.725
08019 Barcelona;Pernoctaciones;Residentes en España;2023M05;266.579
08019 Barcelona;Pernoctaciones;Residentes en España;2023M04;255.754
08019 Barcelona;Pernoctaciones;Residentes en España;2023M03;303.453
08019 Barcelona;Pernoctaciones;Residentes en España;2023M02;270.990
08019 Barcelona;Pernoctaciones;Residentes en España;2023M01;266.069
08019 Barcelona;Pernoctaciones;Residentes en España;2022M12;284.731
08019 Barcelona;Pernoctaciones;Residentes en España;2022M11;284.750
08019 Barcelona;Pernoctaciones;Residentes en España;2022M10;282.814
08019 Barcelona;Pernoctaciones;Residentes en España;2022M09;239.336
08019 Barcelona;Pernoctaciones;Residentes en España;2022M08;212.788
08019 Barcelona;Pernoctaciones;Residentes en España;2022M07;273.044
08019 Barcelona;Pernoctaciones;Residentes en España;2022M06;238.186
08019 Barcelona;Pernoctaciones;Residentes en España;2022M05;254.042
08019 Barcelona;Pernoctaciones;Residentes en España;2022M04;293.694
08019 Barcelona;Pernoctaciones;Residentes en España;2022M03;272.810
08019 Barcelona;Pernoctaciones;Residentes en España;2022M02;232.949
08019 Barcelona;Pernoctaciones;Residentes en España;2022M01;198.346
08019 Barcelona;Pernoctaciones;Residentes en España;2021M12;279.824
08019 Barcelona;Pernoctaciones;Residentes en España;2021M11;236.149
08019 Barcelona;Pernoctaciones;Residentes en España;2021M10;276.263
08019 Barcelona;Pernoctaciones;Residentes en España;2021M09;208.946
08019 Barcelona;Pernoctaciones;Residentes en España;2021M08;216.048
08019 Barcelona;Pernoctaciones;Residentes en España;2021M07;218.128
08019 Barcelona;Pernoctaciones;Residentes en España;2021M06;177.967
08019 Barcelona;Pernoctaciones;Residentes en España;2021M05;137.286
08019 Barcelona;Pernoctaciones;Residentes en España;2021M04;107.864
08019 Barcelona;Pernoctaciones;Residentes en España;2021M03;106.209
08019 Barcelona;Pernoctaciones;Residentes en España;2021M02;89.137
08019 Barcelona;Pernoctaciones;Residentes en España;2021M01;75.385
08019 Barcelona;Pernoctaciones;Residentes en España;2020M12;79.668
08019 Barcelona;Pernoctaciones;Residentes en España;2020M11;57.784
08019 Barcelona;Pernoctaciones;Residentes en España;2020M10;74.309
08019 Barcelona;Pernoctaciones;Residentes en España;2020M09;77.362
08019 Barcelona;Pernoctaciones;Residentes en España;2020M08;65.207
08019 Barcelona;Pernoctaciones;Residentes en España;2020M07;68.214
08019 Barcelona;Pernoctaciones;Residentes en España;2020M06;.
08019 Barcelona;Pernoctaciones;Residentes en España;2020M05;.
08019 Barcelona;Pernoctaciones;Residentes en España;2020M04;0
08019 Barcelona;Pernoctaciones;Residentes en España;2020M03;101.112
08019 Barcelona;Pernoctaciones;Residentes en España;2020M02;217.404
08019 Barcelona;Pernoctaciones;Residentes en España;2020M01;203.220
08019 Barcelona;Pernoctaciones;Residentes en el Extranjero;2025M03;1.484.910
08019 Barcelona;Pernoctaciones;Residentes en el Extranjero;2025M02;1.236.128
08019 Barcelona;Pernoctaciones;Residentes en el Extranjero;2025M01;1.165.900
08019 Barcelona;Pernoctaciones;Residentes en el Extranjero;2024M12;1.185.473
08019 Barcelona;Pernoctaciones;Residentes en el Extranjero;2024M11;1.342.852
08019 Barcelona;Pernoctaciones;Residentes en el Extranjero;2024M10;1.687.345
08019 Barcelona;Pernoctaciones;Residentes en el Extranjero;2024M09;1.636.866
08019 Barcelona;Pernoctaciones;Residentes en el Extranjero;2024M08;2.015.764
08019 Barcelona;Pernoctaciones;Residentes en el Extranjero;2024M07;1.902.007
08019 Barcelona;Pernoctaciones;Residentes en el Extranjero;2024M06;1.749.109
08019 Barcelona;Pernoctaciones;Residentes en el Extranjero;2024M05;1.832.426
08019 Barcelona;Pernoctaciones;Residentes en el Extranjero;2024M04;1.695.392
08019 Barcelona;Pernoctaciones;Residentes en el Extranjero;2024M03;1.576.613
08019 Barcelona;Pernoctaciones;Residentes en el Extranjero;2024M02;1.311.219
08019 Barcelona;Pernoctaciones;Residentes en el Extranjero;2024M01;1.130.976
08019 Barcelona;Pernoctaciones;Residentes en el Extranjero;2023M12;1.150.931
08019 Barcelona;Pernoctaciones;Residentes en el Extranjero;2023M11;1.357.448
08019 Barcelona;Pernoctaciones;Residentes en el Extranjero;2023M10;1.705.990
08019 Barcelona;Pernoctaciones;Residentes en el Extranjero;2023M09;1.713.579
08019 Barcelona;Pernoctaciones;Residentes en el Extranjero;2023M08;1.985.042
08019 Barcelona;Pernoctaciones;Residentes en el Extranjero;2023M07;1.865.161
08019 Barcelona;Pernoctaciones;Residentes en el Extranjero;2023M06;1.697.687
08019 Barcelona;Pernoctaciones;Residentes en el Extranjero;2023M05;1.708.104
08019 Barcelona;Pernoctaciones;Residentes en el Extranjero;2023M04;1.693.523
08019 Barcelona;Pernoctaciones;Residentes en el Extranjero;2023M03;1.429.513
08019 Barcelona;Pernoctaciones;Residentes en el Extranjero;2023M02;1.216.079
08019 Barcelona;Pernoctaciones;Residentes en el Extranjero;2023M01;1.072.502
08019 Barcelona;Pernoctaciones;Residentes en el Extranjero;2022M12;1.065.230
08019 Barcelona;Pernoctaciones;Residentes en el Extranjero;2022M11;1.232.499
08019 Barcelona;Pernoctaciones;Residentes en el Extranjero;2022M10;1.661.552
08019 Barcelona;Pernoctaciones;Residentes en el Extranjero;2022M09;1.612.731
08019 Barcelona;Pernoctaciones;Residentes en el Extranjero;2022M08;1.880.748
08019 Barcelona;Pernoctaciones;Residentes en el Extranjero;2022M07;1.797.494
08019 Barcelona;Pernoctaciones;Residentes en el Extranjero;2022M06;1.709.992
08019 Barcelona;Pernoctaciones;Residentes en el Extranjero;2022M05;1.644.076
08019 Barcelona;Pernoctaciones;Residentes en el Extranjero;2022M04;1.501.096
08019 Barcelona;Pernoctaciones;Residentes en el Extranjero;2022M03;1.164.234
08019 Barcelona;Pernoctaciones;Residentes en el Extranjero;2022M02;818.848
08019 Barcelona;Pernoctaciones;Residentes en el Extranjero;2022M01;539.941
08019 Barcelona;Pernoctaciones;Residentes en el Extranjero;2021M12;696.756
08019 Barcelona;Pernoctaciones;Residentes en el Extranjero;2021M11;885.525
08019 Barcelona;Pernoctaciones;Residentes en el Extranjero;2021M10;1.022.409
08019 Barcelona;Pernoctaciones;Residentes en el Extranjero;2021M09;852.758
08019 Barcelona;Pernoctaciones;Residentes en el Extranjero;2021M08;1.086.940
08019 Barcelona;Pernoctaciones;Residentes en el Extranjero;2021M07;740.851
08019 Barcelona;Pernoctaciones;Residentes en el Extranjero;2021M06;374.538
08019 Barcelona;Pernoctaciones;Residentes en el Extranjero;2021M05;223.626
08019 Barcelona;Pernoctaciones;Residentes en el Extranjero;2021M04;103.099
08019 Barcelona;Pernoctaciones;Residentes en el Extranjero;2021M03;74.868
08019 Barcelona;Pernoctaciones;Residentes en el Extranjero;2021M02;51.982
08019 Barcelona;Pernoctaciones;Residentes en el Extranjero;2021M01;49.018
08019 Barcelona;Pernoctaciones;Residentes en el Extranjero;2020M12;54.362
08019 Barcelona;Pernoctaciones;Residentes en el Extranjero;2020M11;34.744
08019 Barcelona;Pernoctaciones;Residentes en el Extranjero;2020M10;77.994
08019 Barcelona;Pernoctaciones;Residentes en el Extranjero;2020M09;97.273
08019 Barcelona;Pernoctaciones;Residentes en el Extranjero;2020M08;163.049
08019 Barcelona;Pernoctaciones;Residentes en el Extranjero;2020M07;167.070
08019 Barcelona;Pernoctaciones;Residentes en el Extranjero;2020M06;.
08019 Barcelona;Pernoctaciones;Residentes en el Extranjero;2020M05;.
08019 Barcelona;Pernoctaciones;Residentes en el Extranjero;2020M04;0
08019 Barcelona;Pernoctaciones;Residentes en el Extranjero;2020M03;456.949
08019 Barcelona;Pernoctaciones;Residentes en el Extranjero;2020M02;1.142.992
08019 Barcelona;Pernoctaciones;Residentes en el Extranjero;2020M01;1.215.293
28079 Madrid;Viajero;Residentes en España;2025M03;365.398
28079 Madrid;Viajero;Residentes en España;2025M02;360.508
28079 Madrid;Viajero;Residentes en España;2025M01;369.960
28079 Madrid;Viajero;Residentes en España;2024M12;432.745
28079 Madrid;Viajero;Residentes en España;2024M11;415.068
28079 Madrid;Viajero;Residentes en España;2024M10;377.580
28079 Madrid;Viajero;Residentes en España;2024M09;351.933
28079 Madrid;Viajero;Residentes en España;2024M08;315.129
28079 Madrid;Viajero;Residentes en España;2024M07;407.550
28079 Madrid;Viajero;Residentes en España;2024M06;408.828
28079 Madrid;Viajero;Residentes en España;2024M05;387.442
28079 Madrid;Viajero;Residentes en España;2024M04;342.953
28079 Madrid;Viajero;Residentes en España;2024M03;409.967
28079 Madrid;Viajero;Residentes en España;2024M02;386.756
28079 Madrid;Viajero;Residentes en España;2024M01;353.484
28079 Madrid;Viajero;Residentes en España;2023M12;451.057
28079 Madrid;Viajero;Residentes en España;2023M11;410.791
28079 Madrid;Viajero;Residentes en España;2023M10;350.389
28079 Madrid;Viajero;Residentes en España;2023M09;370.580
28079 Madrid;Viajero;Residentes en España;2023M08;301.822
28079 Madrid;Viajero;Residentes en España;2023M07;368.060
28079 Madrid;Viajero;Residentes en España;2023M06;403.202
28079 Madrid;Viajero;Residentes en España;2023M05;372.370
28079 Madrid;Viajero;Residentes en España;2023M04;366.904
28079 Madrid;Viajero;Residentes en España;2023M03;403.141
28079 Madrid;Viajero;Residentes en España;2023M02;375.683
28079 Madrid;Viajero;Residentes en España;2023M01;385.292
28079 Madrid;Viajero;Residentes en España;2022M12;431.859
28079 Madrid;Viajero;Residentes en España;2022M11;422.362
28079 Madrid;Viajero;Residentes en España;2022M10;384.065
28079 Madrid;Viajero;Residentes en España;2022M09;360.762
28079 Madrid;Viajero;Residentes en España;2022M08;288.875
28079 Madrid;Viajero;Residentes en España;2022M07;310.666
28079 Madrid;Viajero;Residentes en España;2022M06;365.812
28079 Madrid;Viajero;Residentes en España;2022M05;381.286
28079 Madrid;Viajero;Residentes en España;2022M04;380.023
28079 Madrid;Viajero;Residentes en España;2022M03;379.440
28079 Madrid;Viajero;Residentes en España;2022M02;352.696
28079 Madrid;Viajero;Residentes en España;2022M01;283.075
28079 Madrid;Viajero;Residentes en España;2021M12;387.339
28079 Madrid;Viajero;Residentes en España;2021M11;394.352
28079 Madrid;Viajero;Residentes en España;2021M10;398.601
28079 Madrid;Viajero;Residentes en España;2021M09;312.814
28079 Madrid;Viajero;Residentes en España;2021M08;221.145
28079 Madrid;Viajero;Residentes en España;2021M07;240.388
28079 Madrid;Viajero;Residentes en España;2021M06;244.023
28079 Madrid;Viajero;Residentes en España;2021M05;208.211
28079 Madrid;Viajero;Residentes en España;2021M04;142.900
28079 Madrid;Viajero;Residentes en España;2021M03;139.145
28079 Madrid;Viajero;Residentes en España;2021M02;115.670
28079 Madrid;Viajero;Residentes en España;2021M01;108.759
28079 Madrid;Viajero;Residentes en España;2020M12;116.282
28079 Madrid;Viajero;Residentes en España;2020M11;91.656
28079 Madrid;Viajero;Residentes en España;2020M10;73.759
28079 Madrid;Viajero;Residentes en España;2020M09;104.108
28079 Madrid;Viajero;Residentes en España;2020M08;71.842
28079 Madrid;Viajero;Residentes en España;2020M07;93.584
28079 Madrid;Viajero;Residentes en España;2020M06;.
28079 Madrid;Viajero;Residentes en España;2020M05;.
28079 Madrid;Viajero;Residentes en España;2020M04;0
28079 Madrid;Viajero;Residentes en España;2020M03;138.649
28079 Madrid;Viajero;Residentes en España;2020M02;407.235
28079 Madrid;Viajero;Residentes en España;2020M01;386.253
28079 Madrid;Viajero;Residentes en el Extranjero;2025M03;471.365
28079 Madrid;Viajero;Residentes en el Extranjero;2025M02;379.430
28079 Madrid;Viajero;Residentes en el Extranjero;2025M01;388.136
28079 Madrid;Viajero;Residentes en el Extranjero;2024M12;399.171
28079 Madrid;Viajero;Residentes en el Extranjero;2024M11;459.720
28079 Madrid;Viajero;Residentes en el Extranjero;2024M10;572.942
28079 Madrid;Viajero;Residentes en el Extranjero;2024M09;555.170
28079 Madrid;Viajero;Residentes en el Extranjero;2024M08;493.564
28079 Madrid;Viajero;Residentes en el Extranjero;2024M07;532.386
28079 Madrid;Viajero;Residentes en el Extranjero;2024M06;525.692
28079 Madrid;Viajero;Residentes en el Extranjero;2024M05;568.620
28079 Madrid;Viajero;Residentes en el Extranjero;2024M04;528.793
28079 Madrid;Viajero;Residentes en el Extranjero;2024M03;454.232
28079 Madrid;Viajero;Residentes en el Extranjero;2024M02;376.651
28079 Madrid;Viajero;Residentes en el Extranjero;2024M01;358.628
28079 Madrid;Viajero;Residentes en el Extranjero;2023M12;376.262
28079 Madrid;Viajero;Residentes en el Extranjero;2023M11;428.346
28079 Madrid;Viajero;Residentes en el Extranjero;2023M10;520.821
28079 Madrid;Viajero;Residentes en el Extranjero;2023M09;524.750
28079 Madrid;Viajero;Residentes en el Extranjero;2023M08;465.697
28079 Madrid;Viajero;Residentes en el Extranjero;2023M07;503.820
28079 Madrid;Viajero;Residentes en el Extranjero;2023M06;493.535
28079 Madrid;Viajero;Residentes en el Extranjero;2023M05;495.615
28079 Madrid;Viajero;Residentes en el Extranjero;2023M04;463.901
28079 Madrid;Viajero;Residentes en el Extranjero;2023M03;424.397
28079 Madrid;Viajero;Residentes en el Extranjero;2023M02;323.606
28079 Madrid;Viajero;Residentes en el Extranjero;2023M01;320.855
28079 Madrid;Viajero;Residentes en el Extranjero;2022M12;319.644
28079 Madrid;Viajero;Residentes en el Extranjero;2022M11;374.959
28079 Madrid;Viajero;Residentes en el Extranjero;2022M10;470.286
28079 Madrid;Viajero;Residentes en el Extranjero;2022M09;456.829
28079 Madrid;Viajero;Residentes en el Extranjero;2022M08;368.131
28079 Madrid;Viajero;Residentes en el Extranjero;2022M07;445.911
28079 Madrid;Viajero;Residentes en el Extranjero;2022M06;426.637
28079 Madrid;Viajero;Residentes en el Extranjero;2022M05;425.445
28079 Madrid;Viajero;Residentes en el Extranjero;2022M04;366.407
28079 Madrid;Viajero;Residentes en el Extranjero;2022M03;294.740
28079 Madrid;Viajero;Residentes en el Extranjero;2022M02;214.147
28079 Madrid;Viajero;Residentes en el Extranjero;2022M01;164.627
28079 Madrid;Viajero;Residentes en el Extranjero;2021M12;226.419
28079 Madrid;Viajero;Residentes en el Extranjero;2021M11;272.317
28079 Madrid;Viajero;Residentes en el Extranjero;2021M10;294.695
28079 Madrid;Viajero;Residentes en el Extranjero;2021M09;237.348
28079 Madrid;Viajero;Residentes en el Extranjero;2021M08;173.063
28079 Madrid;Viajero;Residentes en el Extranjero;2021M07;165.071
28079 Madrid;Viajero;Residentes en el Extranjero;2021M06;104.722
28079 Madrid;Viajero;Residentes en el Extranjero;2021M05;83.136
28079 Madrid;Viajero;Residentes en el Extranjero;2021M04;51.758
28079 Madrid;Viajero;Residentes en el Extranjero;2021M03;52.741
28079 Madrid;Viajero;Residentes en el Extranjero;2021M02;35.640
28079 Madrid;Viajero;Residentes en el Extranjero;2021M01;40.472
28079 Madrid;Viajero;Residentes en el Extranjero;2020M12;40.076
28079 Madrid;Viajero;Residentes en el Extranjero;2020M11;31.239
28079 Madrid;Viajero;Residentes en el Extranjero;2020M10;29.988
28079 Madrid;Viajero;Residentes en el Extranjero;2020M09;36.578
28079 Madrid;Viajero;Residentes en el Extranjero;2020M08;36.788
28079 Madrid;Viajero;Residentes en el Extranjero;2020M07;37.060
28079 Madrid;Viajero;Residentes en el Extranjero;2020M06;.
28079 Madrid;Viajero;Residentes en el Extranjero;2020M05;.
28079 Madrid;Viajero;Residentes en el Extranjero;2020M04;0
28079 Madrid;Viajero;Residentes en el Extranjero;2020M03;126.547
28079 Madrid;Viajero;Residentes en el Extranjero;2020M02;355.936
28079 Madrid;Viajero;Residentes en el Extranjero;2020M01;354.710
28079 Madrid;Pernoctaciones;Residentes en España;2025M03;627.148
28079 Madrid;Pernoctaciones;Residentes en España;2025M02;607.599
28079 Madrid;Pernoctaciones;Residentes en España;2025M01;634.336
28079 Madrid;Pernoctaciones;Residentes en España;2024M12;755.968
28079 Madrid;Pernoctaciones;Residentes en España;2024M11;707.919
28079 Madrid;Pernoctaciones;Residentes en España;2024M10;636.825
28079 Madrid;Pernoctaciones;Residentes en España;2024M09;588.612
28079 Madrid;Pernoctaciones;Residentes en España;2024M08;518.732
28079 Madrid;Pernoctaciones;Residentes en España;2024M07;642.459
28079 Madrid;Pernoctaciones;Residentes en España;2024M06;640.466
28079 Madrid;Pernoctaciones;Residentes en España;2024M05;630.640
28079 Madrid;Pernoctaciones;Residentes en España;2024M04;565.767
28079 Madrid;Pernoctaciones;Residentes en España;2024M03;698.730
28079 Madrid;Pernoctaciones;Residentes en España;2024M02;648.935
28079 Madrid;Pernoctaciones;Residentes en España;2024M01;611.720
28079 Madrid;Pernoctaciones;Residentes en España;2023M12;797.977
28079 Madrid;Pernoctaciones;Residentes en España;2023M11;679.922
28079 Madrid;Pernoctaciones;Residentes en España;2023M10;610.662
28079 Madrid;Pernoctaciones;Residentes en España;2023M09;625.388
28079 Madrid;Pernoctaciones;Residentes en España;2023M08;522.050
28079 Madrid;Pernoctaciones;Residentes en España;2023M07;603.840
28079 Madrid;Pernoctaciones;Residentes en España;2023M06;649.873
28079 Madrid;Pernoctaciones;Residentes en España;2023M05;612.723
28079 Madrid;Pernoctaciones;Residentes en España;2023M04;668.486
28079 Madrid;Pernoctaciones;Residentes en España;2023M03;669.743
28079 Madrid;Pernoctaciones;Residentes en España;2023M02;645.592
28079 Madrid;Pernoctaciones;Residentes en España;2023M01;674.665
28079 Madrid;Pernoctaciones;Residentes en España;2022M12;787.042
28079 Madrid;Pernoctaciones;Residentes en España;2022M11;707.966
28079 Madrid;Pernoctaciones;Residentes en España;2022M10;674.876
28079 Madrid;Pernoctaciones;Residentes en España;2022M09;611.077
28079 Madrid;Pernoctaciones;Residentes en España;2022M08;517.989
28079 Madrid;Pernoctaciones;Residentes en España;2022M07;541.612
28079 Madrid;Pernoctaciones;Residentes en España;2022M06;617.926
28079 Madrid;Pernoctaciones;Residentes en España;2022M05;647.108
28079 Madrid;Pernoctaciones;Residentes en España;2022M04;678.485
28079 Madrid;Pernoctaciones;Residentes en España;2022M03;671.903
28079 Madrid;Pernoctaciones;Residentes en España;2022M02;627.008
28079 Madrid;Pernoctaciones;Residentes en España;2022M01;519.313
28079 Madrid;Pernoctaciones;Residentes en España;2021M12;734.009
28079 Madrid;Pernoctaciones;Residentes en España;2021M11;687.145
28079 Madrid;Pernoctaciones;Residentes en España;2021M10;735.570
28079 Madrid;Pernoctaciones;Residentes en España;2021M09;561.998
28079 Madrid;Pernoctaciones;Residentes en España;2021M08;417.302
28079 Madrid;Pernoctaciones;Residentes en España;2021M07;435.444
28079 Madrid;Pernoctaciones;Residentes en España;2021M06;437.984
28079 Madrid;Pernoctaciones;Residentes en España;2021M05;374.685
28079 Madrid;Pernoctaciones;Residentes en España;2021M04;247.843
28079 Madrid;Pernoctaciones;Residentes en España;2021M03;244.866
28079 Madrid;Pernoctaciones;Residentes en España;2021M02;204.672
28079 Madrid;Pernoctaciones;Residentes en España;2021M01;190.142
28079 Madrid;Pernoctaciones;Residentes en España;2020M12;214.383
28079 Madrid;Pernoctaciones;Residentes en España;2020M11;168.519
28079 Madrid;Pernoctaciones;Residentes en España;2020M10;147.461
28079 Madrid;Pernoctaciones;Residentes en España;2020M09;195.861
28079 Madrid;Pernoctaciones;Residentes en España;2020M08;148.946
28079 Madrid;Pernoctaciones;Residentes en España;2020M07;179.565
28079 Madrid;Pernoctaciones;Residentes en España;2020M06;.
28079 Madrid;Pernoctaciones;Residentes en España;2020M05;.
28079 Madrid;Pernoctaciones;Residentes en España;2020M04;0
28079 Madrid;Pernoctaciones;Residentes en España;2020M03;257.076
28079 Madrid;Pernoctaciones;Residentes en España;2020M02;675.868
28079 Madrid;Pernoctaciones;Residentes en España;2020M01;665.479
28079 Madrid;Pernoctaciones;Residentes en el Extranjero;2025M03;1.104.944
28079 Madrid;Pernoctaciones;Residentes en el Extranjero;2025M02;878.232
28079 Madrid;Pernoctaciones;Residentes en el Extranjero;2025M01;923.279
28079 Madrid;Pernoctaciones;Residentes en el Extranjero;2024M12;917.207
28079 Madrid;Pernoctaciones;Residentes en el Extranjero;2024M11;1.052.273
28079 Madrid;Pernoctaciones;Residentes en el Extranjero;2024M10;1.315.119
28079 Madrid;Pernoctaciones;Residentes en el Extranjero;2024M09;1.240.268
28079 Madrid;Pernoctaciones;Residentes en el Extranjero;2024M08;1.084.727
28079 Madrid;Pernoctaciones;Residentes en el Extranjero;2024M07;1.165.388
28079 Madrid;Pernoctaciones;Residentes en el Extranjero;2024M06;1.183.939
28079 Madrid;Pernoctaciones;Residentes en el Extranjero;2024M05;1.305.599
28079 Madrid;Pernoctaciones;Residentes en el Extranjero;2024M04;1.225.346
28079 Madrid;Pernoctaciones;Residentes en el Extranjero;2024M03;1.076.255
28079 Madrid;Pernoctaciones;Residentes en el Extranjero;2024M02;864.820
28079 Madrid;Pernoctaciones;Residentes en el Extranjero;2024M01;832.531
28079 Madrid;Pernoctaciones;Residentes en el Extranjero;2023M12;851.035
28079 Madrid;Pernoctaciones;Residentes en el Extranjero;2023M11;983.098
28079 Madrid;Pernoctaciones;Residentes en el Extranjero;2023M10;1.204.486
28079 Madrid;Pernoctaciones;Residentes en el Extranjero;2023M09;1.182.175
28079 Madrid;Pernoctaciones;Residentes en el Extranjero;2023M08;1.026.587
28079 Madrid;Pernoctaciones;Residentes en el Extranjero;2023M07;1.135.968
28079 Madrid;Pernoctaciones;Residentes en el Extranjero;2023M06;1.121.650
28079 Madrid;Pernoctaciones;Residentes en el Extranjero;2023M05;1.175.227
28079 Madrid;Pernoctaciones;Residentes en el Extranjero;2023M04;1.126.168
28079 Madrid;Pernoctaciones;Residentes en el Extranjero;2023M03;970.690
28079 Madrid;Pernoctaciones;Residentes en el Extranjero;2023M02;739.961
28079 Madrid;Pernoctaciones;Residentes en el Extranjero;2023M01;749.191
28079 Madrid;Pernoctaciones;Residentes en el Extranjero;2022M12;732.376
28079 Madrid;Pernoctaciones;Residentes en el Extranjero;2022M11;868.095
28079 Madrid;Pernoctaciones;Residentes en el Extranjero;2022M10;1.131.632
28079 Madrid;Pernoctaciones;Residentes en el Extranjero;2022M09;1.059.362
28079 Madrid;Pernoctaciones;Residentes en el Extranjero;2022M08;850.069
28079 Madrid;Pernoctaciones;Residentes en el Extranjero;2022M07;1.022.326
28079 Madrid;Pernoctaciones;Residentes en el Extranjero;2022M06;1.014.981
28079 Madrid;Pernoctaciones;Residentes en el Extranjero;2022M05;1.036.550
28079 Madrid;Pernoctaciones;Residentes en el Extranjero;2022M04;946.564
28079 Madrid;Pernoctaciones;Residentes en el Extranjero;2022M03;748.488
28079 Madrid;Pernoctaciones;Residentes en el Extranjero;2022M02;539.788
28079 Madrid;Pernoctaciones;Residentes en el Extranjero;2022M01;448.459
28079 Madrid;Pernoctaciones;Residentes en el Extranjero;2021M12;577.261
28079 Madrid;Pernoctaciones;Residentes en el Extranjero;2021M11;674.748
28079 Madrid;Pernoctaciones;Residentes en el Extranjero;2021M10;753.954
28079 Madrid;Pernoctaciones;Residentes en el Extranjero;2021M09;584.661
28079 Madrid;Pernoctaciones;Residentes en el Extranjero;2021M08;424.199
28079 Madrid;Pernoctaciones;Residentes en el Extranjero;2021M07;416.642
28079 Madrid;Pernoctaciones;Residentes en el Extranjero;2021M06;264.270
28079 Madrid;Pernoctaciones;Residentes en el Extranjero;2021M05;215.445
28079 Madrid;Pernoctaciones;Residentes en el Extranjero;2021M04;134.258
28079 Madrid;Pernoctaciones;Residentes en el Extranjero;2021M03;150.488
28079 Madrid;Pernoctaciones;Residentes en el Extranjero;2021M02;100.818
28079 Madrid;Pernoctaciones;Residentes en el Extranjero;2021M01;95.095
28079 Madrid;Pernoctaciones;Residentes en el Extranjero;2020M12;101.194
28079 Madrid;Pernoctaciones;Residentes en el Extranjero;2020M11;87.025
28079 Madrid;Pernoctaciones;Residentes en el Extranjero;2020M10;94.756
28079 Madrid;Pernoctaciones;Residentes en el Extranjero;2020M09;109.750
28079 Madrid;Pernoctaciones;Residentes en el Extranjero;2020M08;129.756
28079 Madrid;Pernoctaciones;Residentes en el Extranjero;2020M07;135.792
28079 Madrid;Pernoctaciones;Residentes en el Extranjero;2020M06;.
28079 Madrid;Pernoctaciones;Residentes en el Extranjero;2020M05;.
28079 Madrid;Pernoctaciones;Residentes en el Extranjero;2020M04;0
28079 Madrid;Pernoctaciones;Residentes en el Extranjero;2020M03;385.882
28079 Madrid;Pernoctaciones;Residentes en el Extranjero;2020M02;856.820
28079 Madrid;Pernoctaciones;Residentes en el Extranjero;2020M01;898.511
29067 Málaga;Viajero;Residentes en España;2025M03;50.975
29067 Málaga;Viajero;Residentes en España;2025M02;55.716
29067 Málaga;Viajero;Residentes en España;2025M01;51.305
29067 Málaga;Viajero;Residentes en España;2024M12;51.330
29067 Málaga;Viajero;Residentes en España;2024M11;55.607
29067 Málaga;Viajero;Residentes en España;2024M10;51.934
29067 Málaga;Viajero;Residentes en España;2024M09;47.992
29067 Málaga;Viajero;Residentes en España;2024M08;44.225
29067 Málaga;Viajero;Residentes en España;2024M07;48.021
29067 Málaga;Viajero;Residentes en España;2024M06;58.575
29067 Málaga;Viajero;Residentes en España;2024M05;55.271
29067 Málaga;Viajero;Residentes en España;2024M04;50.608
29067 Málaga;Viajero;Residentes en España;2024M03;58.043
29067 Málaga;Viajero;Residentes en España;2024M02;51.134
29067 Málaga;Viajero;Residentes en España;2024M01;49.223
29067 Málaga;Viajero;Residentes en España;2023M12;53.217
29067 Málaga;Viajero;Residentes en España;2023M11;47.884
29067 Málaga;Viajero;Residentes en España;2023M10;47.862
29067 Málaga;Viajero;Residentes en España;2023M09;45.316
29067 Málaga;Viajero;Residentes en España;2023M08;51.650
29067 Málaga;Viajero;Residentes en España;2023M07;57.618
29067 Málaga;Viajero;Residentes en España;2023M06;63.820
29067 Málaga;Viajero;Residentes en España;2023M05;52.852
29067 Málaga;Viajero;Residentes en España;2023M04;51.998
29067 Málaga;Viajero;Residentes en España;2023M03;63.631
29067 Málaga;Viajero;Residentes en España;2023M02;46.985
29067 Málaga;Viajero;Residentes en España;2023M01;43.944
29067 Málaga;Viajero;Residentes en España;2022M12;56.790
29067 Málaga;Viajero;Residentes en España;2022M11;47.171
29067 Málaga;Viajero;Residentes en España;2022M10;46.676
29067 Málaga;Viajero;Residentes en España;2022M09;44.539
29067 Málaga;Viajero;Residentes en España;2022M08;53.078
29067 Málaga;Viajero;Residentes en España;2022M07;57.005
29067 Málaga;Viajero;Residentes en España;2022M06;51.817
29067 Málaga;Viajero;Residentes en España;2022M05;51.315
29067 Málaga;Viajero;Residentes en España;2022M04;50.509
29067 Málaga;Viajero;Residentes en España;2022M03;50.899
29067 Málaga;Viajero;Residentes en España;2022M02;46.576
29067 Málaga;Viajero;Residentes en España;2022M01;31.175
29067 Málaga;Viajero;Residentes en España;2021M12;53.573
29067 Málaga;Viajero;Residentes en España;2021M11;45.506
29067 Málaga;Viajero;Residentes en España;2021M10;49.568
29067 Málaga;Viajero;Residentes en España;2021M09;49.471
29067 Málaga;Viajero;Residentes en España;2021M08;60.308
29067 Málaga;Viajero;Residentes en España;2021M07;54.745
29067 Málaga;Viajero;Residentes en España;2021M06;49.288
29067 Málaga;Viajero;Residentes en España;2021M05;37.697
29067 Málaga;Viajero;Residentes en España;2021M04;23.717
29067 Málaga;Viajero;Residentes en España;2021M03;26.171
29067 Málaga;Viajero;Residentes en España;2021M02;15.289
29067 Málaga;Viajero;Residentes en España;2021M01;16.676
29067 Málaga;Viajero;Residentes en España;2020M12;16.599
29067 Málaga;Viajero;Residentes en España;2020M11;13.237
29067 Málaga;Viajero;Residentes en España;2020M10;21.645
29067 Málaga;Viajero;Residentes en España;2020M09;24.040
29067 Málaga;Viajero;Residentes en España;2020M08;34.143
29067 Málaga;Viajero;Residentes en España;2020M07;25.388
29067 Málaga;Viajero;Residentes en España;2020M06;.
29067 Málaga;Viajero;Residentes en España;2020M05;.
29067 Málaga;Viajero;Residentes en España;2020M04;0
29067 Málaga;Viajero;Residentes en España;2020M03;22.159
29067 Málaga;Viajero;Residentes en España;2020M02;43.068
29067 Málaga;Viajero;Residentes en España;2020M01;41.562
29067 Málaga;Viajero;Residentes en el Extranjero;2025M03;85.798
29067 Málaga;Viajero;Residentes en el Extranjero;2025M02;69.732
29067 Málaga;Viajero;Residentes en el Extranjero;2025M01;61.755
29067 Málaga;Viajero;Residentes en el Extranjero;2024M12;69.825
29067 Málaga;Viajero;Residentes en el Extranjero;2024M11;74.243
29067 Málaga;Viajero;Residentes en el Extranjero;2024M10;97.941
29067 Málaga;Viajero;Residentes en el Extranjero;2024M09;93.486
29067 Málaga;Viajero;Residentes en el Extranjero;2024M08;92.560
29067 Málaga;Viajero;Residentes en el Extranjero;2024M07;91.637
29067 Málaga;Viajero;Residentes en el Extranjero;2024M06;84.534
29067 Málaga;Viajero;Residentes en el Extranjero;2024M05;96.148
29067 Málaga;Viajero;Residentes en el Extranjero;2024M04;91.945
29067 Málaga;Viajero;Residentes en el Extranjero;2024M03;70.840
29067 Málaga;Viajero;Residentes en el Extranjero;2024M02;66.569
29067 Málaga;Viajero;Residentes en el Extranjero;2024M01;66.047
29067 Málaga;Viajero;Residentes en el Extranjero;2023M12;58.569
29067 Málaga;Viajero;Residentes en el Extranjero;2023M11;70.194
29067 Málaga;Viajero;Residentes en el Extranjero;2023M10;91.743
29067 Málaga;Viajero;Residentes en el Extranjero;2023M09;87.529
29067 Málaga;Viajero;Residentes en el Extranjero;2023M08;82.047
29067 Málaga;Viajero;Residentes en el Extranjero;2023M07;82.163
29067 Málaga;Viajero;Residentes en el Extranjero;2023M06;74.357
29067 Málaga;Viajero;Residentes en el Extranjero;2023M05;90.497
29067 Málaga;Viajero;Residentes en el Extranjero;2023M04;83.650
29067 Málaga;Viajero;Residentes en el Extranjero;2023M03;69.809
29067 Málaga;Viajero;Residentes en el Extranjero;2023M02;52.673
29067 Málaga;Viajero;Residentes en el Extranjero;2023M01;54.286
29067 Málaga;Viajero;Residentes en el Extranjero;2022M12;50.464
29067 Málaga;Viajero;Residentes en el Extranjero;2022M11;50.872
29067 Málaga;Viajero;Residentes en el Extranjero;2022M10;73.376
29067 Málaga;Viajero;Residentes en el Extranjero;2022M09;77.598
29067 Málaga;Viajero;Residentes en el Extranjero;2022M08;73.262
29067 Málaga;Viajero;Residentes en el Extranjero;2022M07;72.176
29067 Málaga;Viajero;Residentes en el Extranjero;2022M06;67.494
29067 Málaga;Viajero;Residentes en el Extranjero;2022M05;72.078
29067 Málaga;Viajero;Residentes en el Extranjero;2022M04;64.728
29067 Málaga;Viajero;Residentes en el Extranjero;2022M03;51.228
29067 Málaga;Viajero;Residentes en el Extranjero;2022M02;36.902
29067 Málaga;Viajero;Residentes en el Extranjero;2022M01;31.152
29067 Málaga;Viajero;Residentes en el Extranjero;2021M12;34.757
29067 Málaga;Viajero;Residentes en el Extranjero;2021M11;45.318
29067 Málaga;Viajero;Residentes en el Extranjero;2021M10;57.421
29067 Málaga;Viajero;Residentes en el Extranjero;2021M09;45.858
29067 Málaga;Viajero;Residentes en el Extranjero;2021M08;47.760
29067 Málaga;Viajero;Residentes en el Extranjero;2021M07;43.190
29067 Málaga;Viajero;Residentes en el Extranjero;2021M06;24.452
29067 Málaga;Viajero;Residentes en el Extranjero;2021M05;18.113
29067 Málaga;Viajero;Residentes en el Extranjero;2021M04;9.648
29067 Málaga;Viajero;Residentes en el Extranjero;2021M03;6.922
29067 Málaga;Viajero;Residentes en el Extranjero;2021M02;3.732
29067 Málaga;Viajero;Residentes en el Extranjero;2021M01;5.129
29067 Málaga;Viajero;Residentes en el Extranjero;2020M12;5.647
29067 Málaga;Viajero;Residentes en el Extranjero;2020M11;4.736
29067 Málaga;Viajero;Residentes en el Extranjero;2020M10;10.174
29067 Málaga;Viajero;Residentes en el Extranjero;2020M09;10.389
29067 Málaga;Viajero;Residentes en el Extranjero;2020M08;20.672
29067 Málaga;Viajero;Residentes en el Extranjero;2020M07;17.133
29067 Málaga;Viajero;Residentes en el Extranjero;2020M06;.
29067 Málaga;Viajero;Residentes en el Extranjero;2020M05;""
29067 Málaga;Viajero;Residentes en el Extranjero;2020M04;0
29067 Málaga;Viajero;Residentes en el Extranjero;2020M03;22.834
29067 Málaga;Viajero;Residentes en el Extranjero;2020M02;54.727
29067 Málaga;Viajero;Residentes en el Extranjero;2020M01;56.716
29067 Málaga;Pernoctaciones;Residentes en España;2025M03;87.839
29067 Málaga;Pernoctaciones;Residentes en España;2025M02;83.400
29067 Málaga;Pernoctaciones;Residentes en España;2025M01;81.373
29067 Málaga;Pernoctaciones;Residentes en España;2024M12;97.116
29067 Málaga;Pernoctaciones;Residentes en España;2024M11;89.937
29067 Málaga;Pernoctaciones;Residentes en España;2024M10;84.225
29067 Málaga;Pernoctaciones;Residentes en España;2024M09;88.676
29067 Málaga;Pernoctaciones;Residentes en España;2024M08;100.832
29067 Málaga;Pernoctaciones;Residentes en España;2024M07;89.906
29067 Málaga;Pernoctaciones;Residentes en España;2024M06;97.612
29067 Málaga;Pernoctaciones;Residentes en España;2024M05;92.691
29067 Málaga;Pernoctaciones;Residentes en España;2024M04;81.251
29067 Málaga;Pernoctaciones;Residentes en España;2024M03;100.163
29067 Málaga;Pernoctaciones;Residentes en España;2024M02;83.192
29067 Málaga;Pernoctaciones;Residentes en España;2024M01;80.543
29067 Málaga;Pernoctaciones;Residentes en España;2023M12;102.068
29067 Málaga;Pernoctaciones;Residentes en España;2023M11;84.157
29067 Málaga;Pernoctaciones;Residentes en España;2023M10;85.293
29067 Málaga;Pernoctaciones;Residentes en España;2023M09;86.799
29067 Málaga;Pernoctaciones;Residentes en España;2023M08;118.620
29067 Málaga;Pernoctaciones;Residentes en España;2023M07;109.269
29067 Málaga;Pernoctaciones;Residentes en España;2023M06;112.889
29067 Málaga;Pernoctaciones;Residentes en España;2023M05;97.313
29067 Málaga;Pernoctaciones;Residentes en España;2023M04;99.044
29067 Málaga;Pernoctaciones;Residentes en España;2023M03;108.507
29067 Málaga;Pernoctaciones;Residentes en España;2023M02;82.768
29067 Málaga;Pernoctaciones;Residentes en España;2023M01;81.126
29067 Málaga;Pernoctaciones;Residentes en España;2022M12;104.187
29067 Málaga;Pernoctaciones;Residentes en España;2022M11;86.519
29067 Málaga;Pernoctaciones;Residentes en España;2022M10;86.928
29067 Málaga;Pernoctaciones;Residentes en España;2022M09;88.548
29067 Málaga;Pernoctaciones;Residentes en España;2022M08;124.313
29067 Málaga;Pernoctaciones;Residentes en España;2022M07;117.649
29067 Málaga;Pernoctaciones;Residentes en España;2022M06;103.673
29067 Málaga;Pernoctaciones;Residentes en España;2022M05;96.424
29067 Málaga;Pernoctaciones;Residentes en España;2022M04;100.974
29067 Málaga;Pernoctaciones;Residentes en España;2022M03;88.434
29067 Málaga;Pernoctaciones;Residentes en España;2022M02;80.332
29067 Málaga;Pernoctaciones;Residentes en España;2022M01;56.416
29067 Málaga;Pernoctaciones;Residentes en España;2021M12;100.214
29067 Málaga;Pernoctaciones;Residentes en España;2021M11;86.079
29067 Málaga;Pernoctaciones;Residentes en España;2021M10;106.883
29067 Málaga;Pernoctaciones;Residentes en España;2021M09;112.307
29067 Málaga;Pernoctaciones;Residentes en España;2021M08;150.720
29067 Málaga;Pernoctaciones;Residentes en España;2021M07;123.717
29067 Málaga;Pernoctaciones;Residentes en España;2021M06;102.121
29067 Málaga;Pernoctaciones;Residentes en España;2021M05;66.911
29067 Málaga;Pernoctaciones;Residentes en España;2021M04;37.675
29067 Málaga;Pernoctaciones;Residentes en España;2021M03;39.203
29067 Málaga;Pernoctaciones;Residentes en España;2021M02;22.648
29067 Málaga;Pernoctaciones;Residentes en España;2021M01;24.420
29067 Málaga;Pernoctaciones;Residentes en España;2020M12;26.113
29067 Málaga;Pernoctaciones;Residentes en España;2020M11;21.194
29067 Málaga;Pernoctaciones;Residentes en España;2020M10;40.315
29067 Málaga;Pernoctaciones;Residentes en España;2020M09;50.013
29067 Málaga;Pernoctaciones;Residentes en España;2020M08;75.321
29067 Málaga;Pernoctaciones;Residentes en España;2020M07;53.179
29067 Málaga;Pernoctaciones;Residentes en España;2020M06;.
29067 Málaga;Pernoctaciones;Residentes en España;2020M05;.
29067 Málaga;Pernoctaciones;Residentes en España;2020M04;0
29067 Málaga;Pernoctaciones;Residentes en España;2020M03;38.592
29067 Málaga;Pernoctaciones;Residentes en España;2020M02;78.918
29067 Málaga;Pernoctaciones;Residentes en España;2020M01;65.793
29067 Málaga;Pernoctaciones;Residentes en el Extranjero;2025M03;191.757
29067 Málaga;Pernoctaciones;Residentes en el Extranjero;2025M02;161.662
29067 Málaga;Pernoctaciones;Residentes en el Extranjero;2025M01;145.153
29067 Málaga;Pernoctaciones;Residentes en el Extranjero;2024M12;170.212
29067 Málaga;Pernoctaciones;Residentes en el Extranjero;2024M11;168.342
29067 Málaga;Pernoctaciones;Residentes en el Extranjero;2024M10;222.233
29067 Málaga;Pernoctaciones;Residentes en el Extranjero;2024M09;225.429
29067 Málaga;Pernoctaciones;Residentes en el Extranjero;2024M08;253.627
29067 Málaga;Pernoctaciones;Residentes en el Extranjero;2024M07;225.302
29067 Málaga;Pernoctaciones;Residentes en el Extranjero;2024M06;194.837
29067 Málaga;Pernoctaciones;Residentes en el Extranjero;2024M05;214.547
29067 Málaga;Pernoctaciones;Residentes en el Extranjero;2024M04;211.796
29067 Málaga;Pernoctaciones;Residentes en el Extranjero;2024M03;172.807
29067 Málaga;Pernoctaciones;Residentes en el Extranjero;2024M02;163.921
29067 Málaga;Pernoctaciones;Residentes en el Extranjero;2024M01;160.423
29067 Málaga;Pernoctaciones;Residentes en el Extranjero;2023M12;148.447
29067 Málaga;Pernoctaciones;Residentes en el Extranjero;2023M11;169.266
29067 Málaga;Pernoctaciones;Residentes en el Extranjero;2023M10;203.890
29067 Málaga;Pernoctaciones;Residentes en el Extranjero;2023M09;207.089
29067 Málaga;Pernoctaciones;Residentes en el Extranjero;2023M08;218.849
29067 Málaga;Pernoctaciones;Residentes en el Extranjero;2023M07;205.945
29067 Málaga;Pernoctaciones;Residentes en el Extranjero;2023M06;173.227
29067 Málaga;Pernoctaciones;Residentes en el Extranjero;2023M05;201.971
29067 Málaga;Pernoctaciones;Residentes en el Extranjero;2023M04;192.804
29067 Málaga;Pernoctaciones;Residentes en el Extranjero;2023M03;161.186
29067 Málaga;Pernoctaciones;Residentes en el Extranjero;2023M02;132.627
29067 Málaga;Pernoctaciones;Residentes en el Extranjero;2023M01;132.244
29067 Málaga;Pernoctaciones;Residentes en el Extranjero;2022M12;118.819
29067 Málaga;Pernoctaciones;Residentes en el Extranjero;2022M11;124.591
29067 Málaga;Pernoctaciones;Residentes en el Extranjero;2022M10;173.281
29067 Málaga;Pernoctaciones;Residentes en el Extranjero;2022M09;179.186
29067 Málaga;Pernoctaciones;Residentes en el Extranjero;2022M08;190.658
29067 Málaga;Pernoctaciones;Residentes en el Extranjero;2022M07;176.755
29067 Málaga;Pernoctaciones;Residentes en el Extranjero;2022M06;160.993
29067 Málaga;Pernoctaciones;Residentes en el Extranjero;2022M05;167.124
29067 Málaga;Pernoctaciones;Residentes en el Extranjero;2022M04;152.866
29067 Málaga;Pernoctaciones;Residentes en el Extranjero;2022M03;128.294
29067 Málaga;Pernoctaciones;Residentes en el Extranjero;2022M02;91.518
29067 Málaga;Pernoctaciones;Residentes en el Extranjero;2022M01;75.716
29067 Málaga;Pernoctaciones;Residentes en el Extranjero;2021M12;78.722
29067 Málaga;Pernoctaciones;Residentes en el Extranjero;2021M11;108.573
29067 Málaga;Pernoctaciones;Residentes en el Extranjero;2021M10;133.256
29067 Málaga;Pernoctaciones;Residentes en el Extranjero;2021M09;113.300
29067 Málaga;Pernoctaciones;Residentes en el Extranjero;2021M08;133.690
29067 Málaga;Pernoctaciones;Residentes en el Extranjero;2021M07;110.183
29067 Málaga;Pernoctaciones;Residentes en el Extranjero;2021M06;55.886
29067 Málaga;Pernoctaciones;Residentes en el Extranjero;2021M05;41.803
29067 Málaga;Pernoctaciones;Residentes en el Extranjero;2021M04;21.265
29067 Málaga;Pernoctaciones;Residentes en el Extranjero;2021M03;12.996
29067 Málaga;Pernoctaciones;Residentes en el Extranjero;2021M02;6.474
29067 Málaga;Pernoctaciones;Residentes en el Extranjero;2021M01;9.622
29067 Málaga;Pernoctaciones;Residentes en el Extranjero;2020M12;9.198
29067 Málaga;Pernoctaciones;Residentes en el Extranjero;2020M11;7.343
29067 Málaga;Pernoctaciones;Residentes en el Extranjero;2020M10;19.354
29067 Málaga;Pernoctaciones;Residentes en el Extranjero;2020M09;22.277
29067 Málaga;Pernoctaciones;Residentes en el Extranjero;2020M08;47.196
29067 Málaga;Pernoctaciones;Residentes en el Extranjero;2020M07;37.273
29067 Málaga;Pernoctaciones;Residentes en el Extranjero;2020M06;.
29067 Málaga;Pernoctaciones;Residentes en el Extranjero;2020M05;""
29067 Málaga;Pernoctaciones;Residentes en el Extranjero;2020M04;0
29067 Málaga;Pernoctaciones;Residentes en el Extranjero;2020M03;46.707
29067 Málaga;Pernoctaciones;Residentes en el Extranjero;2020M02;115.839
29067 Málaga;Pernoctaciones;Residentes en el Extranjero;2020M01;114.937
41091 Sevilla;Viajero;Residentes en España;2025M03;102.481
41091 Sevilla;Viajero;Residentes en España;2025M02;103.224
41091 Sevilla;Viajero;Residentes en España;2025M01;106.016
41091 Sevilla;Viajero;Residentes en España;2024M12;115.937
41091 Sevilla;Viajero;Residentes en España;2024M11;110.051
41091 Sevilla;Viajero;Residentes en España;2024M10;94.117
41091 Sevilla;Viajero;Residentes en España;2024M09;95.864
41091 Sevilla;Viajero;Residentes en España;2024M08;81.357
41091 Sevilla;Viajero;Residentes en España;2024M07;91.032
41091 Sevilla;Viajero;Residentes en España;2024M06;114.584
41091 Sevilla;Viajero;Residentes en España;2024M05;99.267
41091 Sevilla;Viajero;Residentes en España;2024M04;112.693
41091 Sevilla;Viajero;Residentes en España;2024M03;114.224
41091 Sevilla;Viajero;Residentes en España;2024M02;108.961
41091 Sevilla;Viajero;Residentes en España;2024M01;101.456
41091 Sevilla;Viajero;Residentes en España;2023M12;125.314
41091 Sevilla;Viajero;Residentes en España;2023M11;109.541
41091 Sevilla;Viajero;Residentes en España;2023M10;120.802
41091 Sevilla;Viajero;Residentes en España;2023M09;114.145
41091 Sevilla;Viajero;Residentes en España;2023M08;98.990
41091 Sevilla;Viajero;Residentes en España;2023M07;106.777
41091 Sevilla;Viajero;Residentes en España;2023M06;123.791
41091 Sevilla;Viajero;Residentes en España;2023M05;120.991
41091 Sevilla;Viajero;Residentes en España;2023M04;124.783
41091 Sevilla;Viajero;Residentes en España;2023M03;127.950
41091 Sevilla;Viajero;Residentes en España;2023M02;119.521
41091 Sevilla;Viajero;Residentes en España;2023M01;105.237
41091 Sevilla;Viajero;Residentes en España;2022M12;107.132
41091 Sevilla;Viajero;Residentes en España;2022M11;116.422
41091 Sevilla;Viajero;Residentes en España;2022M10;119.135
41091 Sevilla;Viajero;Residentes en España;2022M09;121.291
41091 Sevilla;Viajero;Residentes en España;2022M08;105.733
41091 Sevilla;Viajero;Residentes en España;2022M07;99.169
41091 Sevilla;Viajero;Residentes en España;2022M06;125.682
41091 Sevilla;Viajero;Residentes en España;2022M05;114.086
41091 Sevilla;Viajero;Residentes en España;2022M04;121.027
41091 Sevilla;Viajero;Residentes en España;2022M03;115.556
41091 Sevilla;Viajero;Residentes en España;2022M02;109.681
41091 Sevilla;Viajero;Residentes en España;2022M01;90.235
41091 Sevilla;Viajero;Residentes en España;2021M12;106.476
41091 Sevilla;Viajero;Residentes en España;2021M11;113.209
41091 Sevilla;Viajero;Residentes en España;2021M10;117.859
41091 Sevilla;Viajero;Residentes en España;2021M09;101.599
41091 Sevilla;Viajero;Residentes en España;2021M08;98.538
41091 Sevilla;Viajero;Residentes en España;2021M07;94.362
41091 Sevilla;Viajero;Residentes en España;2021M06;89.408
41091 Sevilla;Viajero;Residentes en España;2021M05;73.029
41091 Sevilla;Viajero;Residentes en España;2021M04;47.391
41091 Sevilla;Viajero;Residentes en España;2021M03;43.430
41091 Sevilla;Viajero;Residentes en España;2021M02;34.132
41091 Sevilla;Viajero;Residentes en España;2021M01;31.435
41091 Sevilla;Viajero;Residentes en España;2020M12;35.201
41091 Sevilla;Viajero;Residentes en España;2020M11;29.714
41091 Sevilla;Viajero;Residentes en España;2020M10;55.830
41091 Sevilla;Viajero;Residentes en España;2020M09;56.234
41091 Sevilla;Viajero;Residentes en España;2020M08;48.892
41091 Sevilla;Viajero;Residentes en España;2020M07;45.714
41091 Sevilla;Viajero;Residentes en España;2020M06;.
41091 Sevilla;Viajero;Residentes en España;2020M05;.
41091 Sevilla;Viajero;Residentes en España;2020M04;0
41091 Sevilla;Viajero;Residentes en España;2020M03;47.786
41091 Sevilla;Viajero;Residentes en España;2020M02;106.791
41091 Sevilla;Viajero;Residentes en España;2020M01;93.853
41091 Sevilla;Viajero;Residentes en el Extranjero;2025M03;167.633
41091 Sevilla;Viajero;Residentes en el Extranjero;2025M02;135.294
41091 Sevilla;Viajero;Residentes en el Extranjero;2025M01;125.318
41091 Sevilla;Viajero;Residentes en el Extranjero;2024M12;119.344
41091 Sevilla;Viajero;Residentes en el Extranjero;2024M11;137.515
41091 Sevilla;Viajero;Residentes en el Extranjero;2024M10;197.529
41091 Sevilla;Viajero;Residentes en el Extranjero;2024M09;173.605
41091 Sevilla;Viajero;Residentes en el Extranjero;2024M08;174.808
41091 Sevilla;Viajero;Residentes en el Extranjero;2024M07;149.753
41091 Sevilla;Viajero;Residentes en el Extranjero;2024M06;151.584
41091 Sevilla;Viajero;Residentes en el Extranjero;2024M05;192.446
41091 Sevilla;Viajero;Residentes en el Extranjero;2024M04;180.114
41091 Sevilla;Viajero;Residentes en el Extranjero;2024M03;156.608
41091 Sevilla;Viajero;Residentes en el Extranjero;2024M02;130.537
41091 Sevilla;Viajero;Residentes en el Extranjero;2024M01;116.066
41091 Sevilla;Viajero;Residentes en el Extranjero;2023M12;116.222
41091 Sevilla;Viajero;Residentes en el Extranjero;2023M11;122.321
41091 Sevilla;Viajero;Residentes en el Extranjero;2023M10;170.659
41091 Sevilla;Viajero;Residentes en el Extranjero;2023M09;156.220
41091 Sevilla;Viajero;Residentes en el Extranjero;2023M08;159.541
41091 Sevilla;Viajero;Residentes en el Extranjero;2023M07;132.053
41091 Sevilla;Viajero;Residentes en el Extranjero;2023M06;137.526
41091 Sevilla;Viajero;Residentes en el Extranjero;2023M05;153.868
41091 Sevilla;Viajero;Residentes en el Extranjero;2023M04;153.348
41091 Sevilla;Viajero;Residentes en el Extranjero;2023M03;127.906
41091 Sevilla;Viajero;Residentes en el Extranjero;2023M02;98.773
41091 Sevilla;Viajero;Residentes en el Extranjero;2023M01;96.837
41091 Sevilla;Viajero;Residentes en el Extranjero;2022M12;86.429
41091 Sevilla;Viajero;Residentes en el Extranjero;2022M11;98.193
41091 Sevilla;Viajero;Residentes en el Extranjero;2022M10;141.783
41091 Sevilla;Viajero;Residentes en el Extranjero;2022M09;134.427
41091 Sevilla;Viajero;Residentes en el Extranjero;2022M08;139.080
41091 Sevilla;Viajero;Residentes en el Extranjero;2022M07;108.685
41091 Sevilla;Viajero;Residentes en el Extranjero;2022M06;116.786
41091 Sevilla;Viajero;Residentes en el Extranjero;2022M05;136.167
41091 Sevilla;Viajero;Residentes en el Extranjero;2022M04;115.412
41091 Sevilla;Viajero;Residentes en el Extranjero;2022M03;96.226
41091 Sevilla;Viajero;Residentes en el Extranjero;2022M02;68.775
41091 Sevilla;Viajero;Residentes en el Extranjero;2022M01;53.616
41091 Sevilla;Viajero;Residentes en el Extranjero;2021M12;62.778
41091 Sevilla;Viajero;Residentes en el Extranjero;2021M11;79.495
41091 Sevilla;Viajero;Residentes en el Extranjero;2021M10;96.800
41091 Sevilla;Viajero;Residentes en el Extranjero;2021M09;74.963
41091 Sevilla;Viajero;Residentes en el Extranjero;2021M08;66.646
41091 Sevilla;Viajero;Residentes en el Extranjero;2021M07;50.153
41091 Sevilla;Viajero;Residentes en el Extranjero;2021M06;38.248
41091 Sevilla;Viajero;Residentes en el Extranjero;2021M05;22.257
41091 Sevilla;Viajero;Residentes en el Extranjero;2021M04;9.134
41091 Sevilla;Viajero;Residentes en el Extranjero;2021M03;4.897
41091 Sevilla;Viajero;Residentes en el Extranjero;2021M02;3.012
41091 Sevilla;Viajero;Residentes en el Extranjero;2021M01;4.732
41091 Sevilla;Viajero;Residentes en el Extranjero;2020M12;7.009
41091 Sevilla;Viajero;Residentes en el Extranjero;2020M11;4.302
41091 Sevilla;Viajero;Residentes en el Extranjero;2020M10;15.345
41091 Sevilla;Viajero;Residentes en el Extranjero;2020M09;13.951
41091 Sevilla;Viajero;Residentes en el Extranjero;2020M08;21.154
41091 Sevilla;Viajero;Residentes en el Extranjero;2020M07;16.414
41091 Sevilla;Viajero;Residentes en el Extranjero;2020M06;.
41091 Sevilla;Viajero;Residentes en el Extranjero;2020M05;.
41091 Sevilla;Viajero;Residentes en el Extranjero;2020M04;0
41091 Sevilla;Viajero;Residentes en el Extranjero;2020M03;47.304
41091 Sevilla;Viajero;Residentes en el Extranjero;2020M02;104.155
41091 Sevilla;Viajero;Residentes en el Extranjero;2020M01;103.810
41091 Sevilla;Pernoctaciones;Residentes en España;2025M03;173.310
41091 Sevilla;Pernoctaciones;Residentes en España;2025M02;169.668
41091 Sevilla;Pernoctaciones;Residentes en España;2025M01;179.545
41091 Sevilla;Pernoctaciones;Residentes en España;2024M12;204.733
41091 Sevilla;Pernoctaciones;Residentes en España;2024M11;192.332
41091 Sevilla;Pernoctaciones;Residentes en España;2024M10;166.078
41091 Sevilla;Pernoctaciones;Residentes en España;2024M09;160.549
41091 Sevilla;Pernoctaciones;Residentes en España;2024M08;134.411
41091 Sevilla;Pernoctaciones;Residentes en España;2024M07;149.386
41091 Sevilla;Pernoctaciones;Residentes en España;2024M06;191.997
41091 Sevilla;Pernoctaciones;Residentes en España;2024M05;175.027
41091 Sevilla;Pernoctaciones;Residentes en España;2024M04;203.285
41091 Sevilla;Pernoctaciones;Residentes en España;2024M03;209.359
41091 Sevilla;Pernoctaciones;Residentes en España;2024M02;188.159
41091 Sevilla;Pernoctaciones;Residentes en España;2024M01;176.113
41091 Sevilla;Pernoctaciones;Residentes en España;2023M12;234.496
41091 Sevilla;Pernoctaciones;Residentes en España;2023M11;198.200
41091 Sevilla;Pernoctaciones;Residentes en España;2023M10;208.429
41091 Sevilla;Pernoctaciones;Residentes en España;2023M09;192.423
41091 Sevilla;Pernoctaciones;Residentes en España;2023M08;162.774
41091 Sevilla;Pernoctaciones;Residentes en España;2023M07;163.793
41091 Sevilla;Pernoctaciones;Residentes en España;2023M06;201.437
41091 Sevilla;Pernoctaciones;Residentes en España;2023M05;203.459
41091 Sevilla;Pernoctaciones;Residentes en España;2023M04;233.050
41091 Sevilla;Pernoctaciones;Residentes en España;2023M03;236.282
41091 Sevilla;Pernoctaciones;Residentes en España;2023M02;204.215
41091 Sevilla;Pernoctaciones;Residentes en España;2023M01;183.819
41091 Sevilla;Pernoctaciones;Residentes en España;2022M12;199.632
41091 Sevilla;Pernoctaciones;Residentes en España;2022M11;218.307
41091 Sevilla;Pernoctaciones;Residentes en España;2022M10;220.645
41091 Sevilla;Pernoctaciones;Residentes en España;2022M09;206.967
41091 Sevilla;Pernoctaciones;Residentes en España;2022M08;177.494
41091 Sevilla;Pernoctaciones;Residentes en España;2022M07;158.113
41091 Sevilla;Pernoctaciones;Residentes en España;2022M06;216.987
41091 Sevilla;Pernoctaciones;Residentes en España;2022M05;212.521
41091 Sevilla;Pernoctaciones;Residentes en España;2022M04;230.763
41091 Sevilla;Pernoctaciones;Residentes en España;2022M03;208.503
41091 Sevilla;Pernoctaciones;Residentes en España;2022M02;191.165
41091 Sevilla;Pernoctaciones;Residentes en España;2022M01;150.199
41091 Sevilla;Pernoctaciones;Residentes en España;2021M12;205.836
41091 Sevilla;Pernoctaciones;Residentes en España;2021M11;203.703
41091 Sevilla;Pernoctaciones;Residentes en España;2021M10;228.196
41091 Sevilla;Pernoctaciones;Residentes en España;2021M09;188.467
41091 Sevilla;Pernoctaciones;Residentes en España;2021M08;182.504
41091 Sevilla;Pernoctaciones;Residentes en España;2021M07;156.382
41091 Sevilla;Pernoctaciones;Residentes en España;2021M06;155.864
41091 Sevilla;Pernoctaciones;Residentes en España;2021M05;116.867
41091 Sevilla;Pernoctaciones;Residentes en España;2021M04;69.242
41091 Sevilla;Pernoctaciones;Residentes en España;2021M03;65.469
41091 Sevilla;Pernoctaciones;Residentes en España;2021M02;50.947
41091 Sevilla;Pernoctaciones;Residentes en España;2021M01;53.462
41091 Sevilla;Pernoctaciones;Residentes en España;2020M12;50.444
41091 Sevilla;Pernoctaciones;Residentes en España;2020M11;47.969
41091 Sevilla;Pernoctaciones;Residentes en España;2020M10;97.997
41091 Sevilla;Pernoctaciones;Residentes en España;2020M09;92.322
41091 Sevilla;Pernoctaciones;Residentes en España;2020M08;82.871
41091 Sevilla;Pernoctaciones;Residentes en España;2020M07;75.380
41091 Sevilla;Pernoctaciones;Residentes en España;2020M06;.
41091 Sevilla;Pernoctaciones;Residentes en España;2020M05;.
41091 Sevilla;Pernoctaciones;Residentes en España;2020M04;0
41091 Sevilla;Pernoctaciones;Residentes en España;2020M03;81.691
41091 Sevilla;Pernoctaciones;Residentes en España;2020M02;185.386
41091 Sevilla;Pernoctaciones;Residentes en España;2020M01;165.330
41091 Sevilla;Pernoctaciones;Residentes en el Extranjero;2025M03;414.664
41091 Sevilla;Pernoctaciones;Residentes en el Extranjero;2025M02;325.348
41091 Sevilla;Pernoctaciones;Residentes en el Extranjero;2025M01;278.754
41091 Sevilla;Pernoctaciones;Residentes en el Extranjero;2024M12;272.129
41091 Sevilla;Pernoctaciones;Residentes en el Extranjero;2024M11;331.725
41091 Sevilla;Pernoctaciones;Residentes en el Extranjero;2024M10;461.977
41091 Sevilla;Pernoctaciones;Residentes en el Extranjero;2024M09;403.494
41091 Sevilla;Pernoctaciones;Residentes en el Extranjero;2024M08;399.221
41091 Sevilla;Pernoctaciones;Residentes en el Extranjero;2024M07;335.099
41091 Sevilla;Pernoctaciones;Residentes en el Extranjero;2024M06;345.789
41091 Sevilla;Pernoctaciones;Residentes en el Extranjero;2024M05;450.879
41091 Sevilla;Pernoctaciones;Residentes en el Extranjero;2024M04;419.799
41091 Sevilla;Pernoctaciones;Residentes en el Extranjero;2024M03;380.406
41091 Sevilla;Pernoctaciones;Residentes en el Extranjero;2024M02;311.043
41091 Sevilla;Pernoctaciones;Residentes en el Extranjero;2024M01;270.089
41091 Sevilla;Pernoctaciones;Residentes en el Extranjero;2023M12;265.570
41091 Sevilla;Pernoctaciones;Residentes en el Extranjero;2023M11;290.658
41091 Sevilla;Pernoctaciones;Residentes en el Extranjero;2023M10;390.782
41091 Sevilla;Pernoctaciones;Residentes en el Extranjero;2023M09;362.537
41091 Sevilla;Pernoctaciones;Residentes en el Extranjero;2023M08;359.976
41091 Sevilla;Pernoctaciones;Residentes en el Extranjero;2023M07;295.825
41091 Sevilla;Pernoctaciones;Residentes en el Extranjero;2023M06;311.088
41091 Sevilla;Pernoctaciones;Residentes en el Extranjero;2023M05;358.609
41091 Sevilla;Pernoctaciones;Residentes en el Extranjero;2023M04;362.547
41091 Sevilla;Pernoctaciones;Residentes en el Extranjero;2023M03;301.642
41091 Sevilla;Pernoctaciones;Residentes en el Extranjero;2023M02;236.623
41091 Sevilla;Pernoctaciones;Residentes en el Extranjero;2023M01;225.175
41091 Sevilla;Pernoctaciones;Residentes en el Extranjero;2022M12;197.124
41091 Sevilla;Pernoctaciones;Residentes en el Extranjero;2022M11;237.806
41091 Sevilla;Pernoctaciones;Residentes en el Extranjero;2022M10;321.568
41091 Sevilla;Pernoctaciones;Residentes en el Extranjero;2022M09;307.145
41091 Sevilla;Pernoctaciones;Residentes en el Extranjero;2022M08;316.673
41091 Sevilla;Pernoctaciones;Residentes en el Extranjero;2022M07;245.280
41091 Sevilla;Pernoctaciones;Residentes en el Extranjero;2022M06;271.745
41091 Sevilla;Pernoctaciones;Residentes en el Extranjero;2022M05;316.223
41091 Sevilla;Pernoctaciones;Residentes en el Extranjero;2022M04;277.715
41091 Sevilla;Pernoctaciones;Residentes en el Extranjero;2022M03;235.746
41091 Sevilla;Pernoctaciones;Residentes en el Extranjero;2022M02;165.985
41091 Sevilla;Pernoctaciones;Residentes en el Extranjero;2022M01;122.482
41091 Sevilla;Pernoctaciones;Residentes en el Extranjero;2021M12;146.100
41091 Sevilla;Pernoctaciones;Residentes en el Extranjero;2021M11;189.684
41091 Sevilla;Pernoctaciones;Residentes en el Extranjero;2021M10;228.885
41091 Sevilla;Pernoctaciones;Residentes en el Extranjero;2021M09;173.132
41091 Sevilla;Pernoctaciones;Residentes en el Extranjero;2021M08;151.309
41091 Sevilla;Pernoctaciones;Residentes en el Extranjero;2021M07;107.483
41091 Sevilla;Pernoctaciones;Residentes en el Extranjero;2021M06;78.851
41091 Sevilla;Pernoctaciones;Residentes en el Extranjero;2021M05;47.036
41091 Sevilla;Pernoctaciones;Residentes en el Extranjero;2021M04;18.361
41091 Sevilla;Pernoctaciones;Residentes en el Extranjero;2021M03;10.971
41091 Sevilla;Pernoctaciones;Residentes en el Extranjero;2021M02;7.522
41091 Sevilla;Pernoctaciones;Residentes en el Extranjero;2021M01;10.378
41091 Sevilla;Pernoctaciones;Residentes en el Extranjero;2020M12;11.927
41091 Sevilla;Pernoctaciones;Residentes en el Extranjero;2020M11;9.779
41091 Sevilla;Pernoctaciones;Residentes en el Extranjero;2020M10;34.973
41091 Sevilla;Pernoctaciones;Residentes en el Extranjero;2020M09;31.141
41091 Sevilla;Pernoctaciones;Residentes en el Extranjero;2020M08;47.970
41091 Sevilla;Pernoctaciones;Residentes en el Extranjero;2020M07;36.399
41091 Sevilla;Pernoctaciones;Residentes en el Extranjero;2020M06;.
41091 Sevilla;Pernoctaciones;Residentes en el Extranjero;2020M05;.
41091 Sevilla;Pernoctaciones;Residentes en el Extranjero;2020M04;0
41091 Sevilla;Pernoctaciones;Residentes en el Extranjero;2020M03;117.563
41091 Sevilla;Pernoctaciones;Residentes en el Extranjero;2020M02;252.209
41091 Sevilla;Pernoctaciones;Residentes en el Extranjero;2020M01;239.284
46250 València;Viajero;Residentes en España;2025M03;86.147
46250 València;Viajero;Residentes en España;2025M02;84.994
46250 València;Viajero;Residentes en España;2025M01;77.061
46250 València;Viajero;Residentes en España;2024M12;72.729
46250 València;Viajero;Residentes en España;2024M11;71.258
46250 València;Viajero;Residentes en España;2024M10;71.152
46250 València;Viajero;Residentes en España;2024M09;71.380
46250 València;Viajero;Residentes en España;2024M08;71.765
46250 València;Viajero;Residentes en España;2024M07;81.737
46250 València;Viajero;Residentes en España;2024M06;75.333
46250 València;Viajero;Residentes en España;2024M05;69.640
46250 València;Viajero;Residentes en España;2024M04;66.024
46250 València;Viajero;Residentes en España;2024M03;90.123
46250 València;Viajero;Residentes en España;2024M02;82.096
46250 València;Viajero;Residentes en España;2024M01;74.656
46250 València;Viajero;Residentes en España;2023M12;81.716
46250 València;Viajero;Residentes en España;2023M11;83.362
46250 València;Viajero;Residentes en España;2023M10;79.531
46250 València;Viajero;Residentes en España;2023M09;72.662
46250 València;Viajero;Residentes en España;2023M08;70.433
46250 València;Viajero;Residentes en España;2023M07;83.880
46250 València;Viajero;Residentes en España;2023M06;86.081
46250 València;Viajero;Residentes en España;2023M05;76.364
46250 València;Viajero;Residentes en España;2023M04;82.169
46250 València;Viajero;Residentes en España;2023M03;92.966
46250 València;Viajero;Residentes en España;2023M02;83.281
46250 València;Viajero;Residentes en España;2023M01;82.806
46250 València;Viajero;Residentes en España;2022M12;81.840
46250 València;Viajero;Residentes en España;2022M11;81.730
46250 València;Viajero;Residentes en España;2022M10;78.872
46250 València;Viajero;Residentes en España;2022M09;77.836
46250 València;Viajero;Residentes en España;2022M08;71.596
46250 València;Viajero;Residentes en España;2022M07;86.558
46250 València;Viajero;Residentes en España;2022M06;79.116
46250 València;Viajero;Residentes en España;2022M05;79.020
46250 València;Viajero;Residentes en España;2022M04;83.755
46250 València;Viajero;Residentes en España;2022M03;86.398
46250 València;Viajero;Residentes en España;2022M02;84.213
46250 València;Viajero;Residentes en España;2022M01;61.342
46250 València;Viajero;Residentes en España;2021M12;62.490
46250 València;Viajero;Residentes en España;2021M11;66.000
46250 València;Viajero;Residentes en España;2021M10;77.131
46250 València;Viajero;Residentes en España;2021M09;72.366
46250 València;Viajero;Residentes en España;2021M08;82.029
46250 València;Viajero;Residentes en España;2021M07;82.626
46250 València;Viajero;Residentes en España;2021M06;72.302
46250 València;Viajero;Residentes en España;2021M05;57.739
46250 València;Viajero;Residentes en España;2021M04;36.032
46250 València;Viajero;Residentes en España;2021M03;31.719
46250 València;Viajero;Residentes en España;2021M02;21.199
46250 València;Viajero;Residentes en España;2021M01;18.569
46250 València;Viajero;Residentes en España;2020M12;28.583
46250 València;Viajero;Residentes en España;2020M11;28.288
46250 València;Viajero;Residentes en España;2020M10;45.159
46250 València;Viajero;Residentes en España;2020M09;47.445
46250 València;Viajero;Residentes en España;2020M08;58.428
46250 València;Viajero;Residentes en España;2020M07;46.669
46250 València;Viajero;Residentes en España;2020M06;.
46250 València;Viajero;Residentes en España;2020M05;.
46250 València;Viajero;Residentes en España;2020M04;0
46250 València;Viajero;Residentes en España;2020M03;22.696
46250 València;Viajero;Residentes en España;2020M02;70.866
46250 València;Viajero;Residentes en España;2020M01;62.732
46250 València;Viajero;Residentes en el Extranjero;2025M03;89.789
46250 València;Viajero;Residentes en el Extranjero;2025M02;78.045
46250 València;Viajero;Residentes en el Extranjero;2025M01;67.589
46250 València;Viajero;Residentes en el Extranjero;2024M12;59.519
46250 València;Viajero;Residentes en el Extranjero;2024M11;64.012
46250 València;Viajero;Residentes en el Extranjero;2024M10;116.115
46250 València;Viajero;Residentes en el Extranjero;2024M09;122.437
46250 València;Viajero;Residentes en el Extranjero;2024M08;127.191
46250 València;Viajero;Residentes en el Extranjero;2024M07;115.830
46250 València;Viajero;Residentes en el Extranjero;2024M06;106.882
46250 València;Viajero;Residentes en el Extranjero;2024M05;113.008
46250 València;Viajero;Residentes en el Extranjero;2024M04;113.892
46250 València;Viajero;Residentes en el Extranjero;2024M03;95.049
46250 València;Viajero;Residentes en el Extranjero;2024M02;80.775
46250 València;Viajero;Residentes en el Extranjero;2024M01;72.957
46250 València;Viajero;Residentes en el Extranjero;2023M12;70.428
46250 València;Viajero;Residentes en el Extranjero;2023M11;81.950
46250 València;Viajero;Residentes en el Extranjero;2023M10;106.420
46250 València;Viajero;Residentes en el Extranjero;2023M09;107.717
46250 València;Viajero;Residentes en el Extranjero;2023M08;118.372
46250 València;Viajero;Residentes en el Extranjero;2023M07;103.246
46250 València;Viajero;Residentes en el Extranjero;2023M06;101.002
46250 València;Viajero;Residentes en el Extranjero;2023M05;106.613
46250 València;Viajero;Residentes en el Extranjero;2023M04;97.019
46250 València;Viajero;Residentes en el Extranjero;2023M03;79.795
46250 València;Viajero;Residentes en el Extranjero;2023M02;60.797
46250 València;Viajero;Residentes en el Extranjero;2023M01;60.254
46250 València;Viajero;Residentes en el Extranjero;2022M12;64.204
46250 València;Viajero;Residentes en el Extranjero;2022M11;70.992
46250 València;Viajero;Residentes en el Extranjero;2022M10;99.441
46250 València;Viajero;Residentes en el Extranjero;2022M09;96.266
46250 València;Viajero;Residentes en el Extranjero;2022M08;112.295
46250 València;Viajero;Residentes en el Extranjero;2022M07;103.196
46250 València;Viajero;Residentes en el Extranjero;2022M06;93.308
46250 València;Viajero;Residentes en el Extranjero;2022M05;98.048
46250 València;Viajero;Residentes en el Extranjero;2022M04;88.621
46250 València;Viajero;Residentes en el Extranjero;2022M03;64.900
46250 València;Viajero;Residentes en el Extranjero;2022M02;50.465
46250 València;Viajero;Residentes en el Extranjero;2022M01;40.172
46250 València;Viajero;Residentes en el Extranjero;2021M12;52.188
46250 València;Viajero;Residentes en el Extranjero;2021M11;64.013
46250 València;Viajero;Residentes en el Extranjero;2021M10;78.476
46250 València;Viajero;Residentes en el Extranjero;2021M09;70.200
46250 València;Viajero;Residentes en el Extranjero;2021M08;79.406
46250 València;Viajero;Residentes en el Extranjero;2021M07;64.395
46250 València;Viajero;Residentes en el Extranjero;2021M06;30.886
46250 València;Viajero;Residentes en el Extranjero;2021M05;18.590
46250 València;Viajero;Residentes en el Extranjero;2021M04;9.333
46250 València;Viajero;Residentes en el Extranjero;2021M03;7.848
46250 València;Viajero;Residentes en el Extranjero;2021M02;4.397
46250 València;Viajero;Residentes en el Extranjero;2021M01;4.970
46250 València;Viajero;Residentes en el Extranjero;2020M12;6.713
46250 València;Viajero;Residentes en el Extranjero;2020M11;7.093
46250 València;Viajero;Residentes en el Extranjero;2020M10;12.430
46250 València;Viajero;Residentes en el Extranjero;2020M09;14.804
46250 València;Viajero;Residentes en el Extranjero;2020M08;28.709
46250 València;Viajero;Residentes en el Extranjero;2020M07;26.527
46250 València;Viajero;Residentes en el Extranjero;2020M06;.
46250 València;Viajero;Residentes en el Extranjero;2020M05;.
46250 València;Viajero;Residentes en el Extranjero;2020M04;0
46250 València;Viajero;Residentes en el Extranjero;2020M03;20.022
46250 València;Viajero;Residentes en el Extranjero;2020M02;71.662
46250 València;Viajero;Residentes en el Extranjero;2020M01;62.983
46250 València;Pernoctaciones;Residentes en España;2025M03;156.714
46250 València;Pernoctaciones;Residentes en España;2025M02;138.255
46250 València;Pernoctaciones;Residentes en España;2025M01;133.326
46250 València;Pernoctaciones;Residentes en España;2024M12;138.684
46250 València;Pernoctaciones;Residentes en España;2024M11;152.633
46250 València;Pernoctaciones;Residentes en España;2024M10;126.952
46250 València;Pernoctaciones;Residentes en España;2024M09;133.177
46250 València;Pernoctaciones;Residentes en España;2024M08;148.781
46250 València;Pernoctaciones;Residentes en España;2024M07;153.226
46250 València;Pernoctaciones;Residentes en España;2024M06;142.667
46250 València;Pernoctaciones;Residentes en España;2024M05;128.991
46250 València;Pernoctaciones;Residentes en España;2024M04;119.574
46250 València;Pernoctaciones;Residentes en España;2024M03;168.434
46250 València;Pernoctaciones;Residentes en España;2024M02;138.183
46250 València;Pernoctaciones;Residentes en España;2024M01;128.760
46250 València;Pernoctaciones;Residentes en España;2023M12;142.276
46250 València;Pernoctaciones;Residentes en España;2023M11;139.081
46250 València;Pernoctaciones;Residentes en España;2023M10;140.311
46250 València;Pernoctaciones;Residentes en España;2023M09;129.846
46250 València;Pernoctaciones;Residentes en España;2023M08;144.747
46250 València;Pernoctaciones;Residentes en España;2023M07;159.982
46250 València;Pernoctaciones;Residentes en España;2023M06;152.123
46250 València;Pernoctaciones;Residentes en España;2023M05;135.315
46250 València;Pernoctaciones;Residentes en España;2023M04;155.656
46250 València;Pernoctaciones;Residentes en España;2023M03;166.706
46250 València;Pernoctaciones;Residentes en España;2023M02;142.744
46250 València;Pernoctaciones;Residentes en España;2023M01;133.119
46250 València;Pernoctaciones;Residentes en España;2022M12;156.048
46250 València;Pernoctaciones;Residentes en España;2022M11;136.952
46250 València;Pernoctaciones;Residentes en España;2022M10;142.730
46250 València;Pernoctaciones;Residentes en España;2022M09;146.603
46250 València;Pernoctaciones;Residentes en España;2022M08;157.177
46250 València;Pernoctaciones;Residentes en España;2022M07;170.572
46250 València;Pernoctaciones;Residentes en España;2022M06;143.046
46250 València;Pernoctaciones;Residentes en España;2022M05;137.215
46250 València;Pernoctaciones;Residentes en España;2022M04;159.152
46250 València;Pernoctaciones;Residentes en España;2022M03;148.705
46250 València;Pernoctaciones;Residentes en España;2022M02;140.105
46250 València;Pernoctaciones;Residentes en España;2022M01;106.663
46250 València;Pernoctaciones;Residentes en España;2021M12;116.732
46250 València;Pernoctaciones;Residentes en España;2021M11;114.886
46250 València;Pernoctaciones;Residentes en España;2021M10;147.242
46250 València;Pernoctaciones;Residentes en España;2021M09;143.018
46250 València;Pernoctaciones;Residentes en España;2021M08;191.568
46250 València;Pernoctaciones;Residentes en España;2021M07;168.948
46250 València;Pernoctaciones;Residentes en España;2021M06;144.265
46250 València;Pernoctaciones;Residentes en España;2021M05;100.011
46250 València;Pernoctaciones;Residentes en España;2021M04;59.946
46250 València;Pernoctaciones;Residentes en España;2021M03;50.744
46250 València;Pernoctaciones;Residentes en España;2021M02;33.281
46250 València;Pernoctaciones;Residentes en España;2021M01;31.546
46250 València;Pernoctaciones;Residentes en España;2020M12;45.603
46250 València;Pernoctaciones;Residentes en España;2020M11;48.835
46250 València;Pernoctaciones;Residentes en España;2020M10;78.526
46250 València;Pernoctaciones;Residentes en España;2020M09;86.108
46250 València;Pernoctaciones;Residentes en España;2020M08;109.481
46250 València;Pernoctaciones;Residentes en España;2020M07;87.755
46250 València;Pernoctaciones;Residentes en España;2020M06;.
46250 València;Pernoctaciones;Residentes en España;2020M05;.
46250 València;Pernoctaciones;Residentes en España;2020M04;0
46250 València;Pernoctaciones;Residentes en España;2020M03;38.849
46250 València;Pernoctaciones;Residentes en España;2020M02;120.109
46250 València;Pernoctaciones;Residentes en España;2020M01;111.678
46250 València;Pernoctaciones;Residentes en el Extranjero;2025M03;233.829
46250 València;Pernoctaciones;Residentes en el Extranjero;2025M02;190.367
46250 València;Pernoctaciones;Residentes en el Extranjero;2025M01;172.515
46250 València;Pernoctaciones;Residentes en el Extranjero;2024M12;159.605
46250 València;Pernoctaciones;Residentes en el Extranjero;2024M11;163.165
46250 València;Pernoctaciones;Residentes en el Extranjero;2024M10;313.321
46250 València;Pernoctaciones;Residentes en el Extranjero;2024M09;336.503
46250 València;Pernoctaciones;Residentes en el Extranjero;2024M08;379.888
46250 València;Pernoctaciones;Residentes en el Extranjero;2024M07;330.620
46250 València;Pernoctaciones;Residentes en el Extranjero;2024M06;296.799
46250 València;Pernoctaciones;Residentes en el Extranjero;2024M05;343.086
46250 València;Pernoctaciones;Residentes en el Extranjero;2024M04;328.688
46250 València;Pernoctaciones;Residentes en el Extranjero;2024M03;274.938
46250 València;Pernoctaciones;Residentes en el Extranjero;2024M02;217.015
46250 València;Pernoctaciones;Residentes en el Extranjero;2024M01;185.682
46250 València;Pernoctaciones;Residentes en el Extranjero;2023M12;185.146
46250 València;Pernoctaciones;Residentes en el Extranjero;2023M11;204.864
46250 València;Pernoctaciones;Residentes en el Extranjero;2023M10;275.395
46250 València;Pernoctaciones;Residentes en el Extranjero;2023M09;287.777
46250 València;Pernoctaciones;Residentes en el Extranjero;2023M08;353.984
46250 València;Pernoctaciones;Residentes en el Extranjero;2023M07;300.426
46250 València;Pernoctaciones;Residentes en el Extranjero;2023M06;273.160
46250 València;Pernoctaciones;Residentes en el Extranjero;2023M05;282.488
46250 València;Pernoctaciones;Residentes en el Extranjero;2023M04;266.997
46250 València;Pernoctaciones;Residentes en el Extranjero;2023M03;210.367
46250 València;Pernoctaciones;Residentes en el Extranjero;2023M02;159.852
46250 València;Pernoctaciones;Residentes en el Extranjero;2023M01;155.685
46250 València;Pernoctaciones;Residentes en el Extranjero;2022M12;172.907
46250 València;Pernoctaciones;Residentes en el Extranjero;2022M11;174.583
46250 València;Pernoctaciones;Residentes en el Extranjero;2022M10;259.415
46250 València;Pernoctaciones;Residentes en el Extranjero;2022M09;274.447
46250 València;Pernoctaciones;Residentes en el Extranjero;2022M08;341.616
46250 València;Pernoctaciones;Residentes en el Extranjero;2022M07;293.517
46250 València;Pernoctaciones;Residentes en el Extranjero;2022M06;261.337
46250 València;Pernoctaciones;Residentes en el Extranjero;2022M05;270.440
46250 València;Pernoctaciones;Residentes en el Extranjero;2022M04;248.981
46250 València;Pernoctaciones;Residentes en el Extranjero;2022M03;170.906
46250 València;Pernoctaciones;Residentes en el Extranjero;2022M02;126.016
46250 València;Pernoctaciones;Residentes en el Extranjero;2022M01;104.295
46250 València;Pernoctaciones;Residentes en el Extranjero;2021M12;133.465
46250 València;Pernoctaciones;Residentes en el Extranjero;2021M11;171.215
46250 València;Pernoctaciones;Residentes en el Extranjero;2021M10;221.145
46250 València;Pernoctaciones;Residentes en el Extranjero;2021M09;201.096
46250 València;Pernoctaciones;Residentes en el Extranjero;2021M08;247.262
46250 València;Pernoctaciones;Residentes en el Extranjero;2021M07;178.189
46250 València;Pernoctaciones;Residentes en el Extranjero;2021M06;82.264
46250 València;Pernoctaciones;Residentes en el Extranjero;2021M05;42.815
46250 València;Pernoctaciones;Residentes en el Extranjero;2021M04;22.910
46250 València;Pernoctaciones;Residentes en el Extranjero;2021M03;15.753
46250 València;Pernoctaciones;Residentes en el Extranjero;2021M02;8.743
46250 València;Pernoctaciones;Residentes en el Extranjero;2021M01;11.477
46250 València;Pernoctaciones;Residentes en el Extranjero;2020M12;14.984
46250 València;Pernoctaciones;Residentes en el Extranjero;2020M11;18.647
46250 València;Pernoctaciones;Residentes en el Extranjero;2020M10;29.338
46250 València;Pernoctaciones;Residentes en el Extranjero;2020M09;30.813
46250 València;Pernoctaciones;Residentes en el Extranjero;2020M08;72.323
46250 València;Pernoctaciones;Residentes en el Extranjero;2020M07;65.268
46250 València;Pernoctaciones;Residentes en el Extranjero;2020M06;.
46250 València;Pernoctaciones;Residentes en el Extranjero;2020M05;.
46250 València;Pernoctaciones;Residentes en el Extranjero;2020M04;0
46250 València;Pernoctaciones;Residentes en el Extranjero;2020M03;56.373
46250 València;Pernoctaciones;Residentes en el Extranjero;2020M02;190.682
46250 València;Pernoctaciones;Residentes en el Extranjero;2020M01;158.476
