Zonas Turísticas;Viajeros y pernoctaciones;Residencia;Periodo;Total
Baleares (Illes): Isla De Mallorca;Viajero;Residentes en España;2025M03;88.500
Baleares (Illes): Isla De Mallorca;Viajero;Residentes en España;2025M02;44.950
Baleares (Illes): Isla De Mallorca;Viajero;Residentes en España;2025M01;22.896
Baleares (Illes): Isla De Mallorca;Viajero;Residentes en España;2024M12;35.248
Baleares (Illes): Isla De Mallorca;Viajero;Residentes en España;2024M11;30.552
Baleares (Illes): Isla De Mallorca;Viajero;Residentes en España;2024M10;106.525
Baleares (Illes): Isla De Mallorca;Viajero;Residentes en España;2024M09;97.144
Baleares (Illes): Isla De Mallorca;Viajero;Residentes en España;2024M08;128.047
Baleares (Illes): Isla De Mallorca;Viajero;Residentes en España;2024M07;112.006
Baleares (Illes): Isla De Mallorca;Viajero;Residentes en España;2024M06;130.075
Baleares (Illes): Isla De Mallorca;Viajero;Residentes en España;2024M05;105.269
Baleares (Illes): Isla De Mallorca;Viajero;Residentes en España;2024M04;92.666
Baleares (Illes): Isla De Mallorca;Viajero;Residentes en España;2024M03;91.408
Baleares (Illes): Isla De Mallorca;Viajero;Residentes en España;2024M02;45.852
Baleares (Illes): Isla De Mallorca;Viajero;Residentes en España;2024M01;22.058
Baleares (Illes): Isla De Mallorca;Viajero;Residentes en España;2023M12;25.082
Baleares (Illes): Isla De Mallorca;Viajero;Residentes en España;2023M11;30.735
Baleares (Illes): Isla De Mallorca;Viajero;Residentes en España;2023M10;93.199
Baleares (Illes): Isla De Mallorca;Viajero;Residentes en España;2023M09;97.212
Baleares (Illes): Isla De Mallorca;Viajero;Residentes en España;2023M08;129.903
Baleares (Illes): Isla De Mallorca;Viajero;Residentes en España;2023M07;120.245
Baleares (Illes): Isla De Mallorca;Viajero;Residentes en España;2023M06;141.743
Baleares (Illes): Isla De Mallorca;Viajero;Residentes en España;2023M05;114.782
Baleares (Illes): Isla De Mallorca;Viajero;Residentes en España;2023M04;86.234
Baleares (Illes): Isla De Mallorca;Viajero;Residentes en España;2023M03;49.979
Baleares (Illes): Isla De Mallorca;Viajero;Residentes en España;2023M02;43.514
Baleares (Illes): Isla De Mallorca;Viajero;Residentes en España;2023M01;29.307
Baleares (Illes): Isla De Mallorca;Viajero;Residentes en España;2022M12;29.551
Baleares (Illes): Isla De Mallorca;Viajero;Residentes en España;2022M11;35.250
Baleares (Illes): Isla De Mallorca;Viajero;Residentes en España;2022M10;111.241
Baleares (Illes): Isla De Mallorca;Viajero;Residentes en España;2022M09;103.453
Baleares (Illes): Isla De Mallorca;Viajero;Residentes en España;2022M08;163.480
Baleares (Illes): Isla De Mallorca;Viajero;Residentes en España;2022M07;124.611
Baleares (Illes): Isla De Mallorca;Viajero;Residentes en España;2022M06;135.537
Baleares (Illes): Isla De Mallorca;Viajero;Residentes en España;2022M05;106.722
Baleares (Illes): Isla De Mallorca;Viajero;Residentes en España;2022M04;91.368
Baleares (Illes): Isla De Mallorca;Viajero;Residentes en España;2022M03;51.064
Baleares (Illes): Isla De Mallorca;Viajero;Residentes en España;2022M02;34.771
Baleares (Illes): Isla De Mallorca;Viajero;Residentes en España;2022M01;15.496
Baleares (Illes): Isla De Mallorca;Viajero;Residentes en España;2021M12;21.708
Baleares (Illes): Isla De Mallorca;Viajero;Residentes en España;2021M11;26.241
Baleares (Illes): Isla De Mallorca;Viajero;Residentes en España;2021M10;92.435
Baleares (Illes): Isla De Mallorca;Viajero;Residentes en España;2021M09;94.945
Baleares (Illes): Isla De Mallorca;Viajero;Residentes en España;2021M08;143.481
Baleares (Illes): Isla De Mallorca;Viajero;Residentes en España;2021M07;100.317
Baleares (Illes): Isla De Mallorca;Viajero;Residentes en España;2021M06;94.240
Baleares (Illes): Isla De Mallorca;Viajero;Residentes en España;2021M05;41.145
Baleares (Illes): Isla De Mallorca;Viajero;Residentes en España;2021M04;19.278
Baleares (Illes): Isla De Mallorca;Viajero;Residentes en España;2021M03;10.414
Baleares (Illes): Isla De Mallorca;Viajero;Residentes en España;2021M02;7.535
Baleares (Illes): Isla De Mallorca;Viajero;Residentes en España;2021M01;5.415
Baleares (Illes): Isla De Mallorca;Viajero;Residentes en España;2020M12;9.298
Baleares (Illes): Isla De Mallorca;Viajero;Residentes en España;2020M11;12.384
Baleares (Illes): Isla De Mallorca;Viajero;Residentes en España;2020M10;24.007
Baleares (Illes): Isla De Mallorca;Viajero;Residentes en España;2020M09;44.076
Baleares (Illes): Isla De Mallorca;Viajero;Residentes en España;2020M08;110.227
Baleares (Illes): Isla De Mallorca;Viajero;Residentes en España;2020M07;44.365
Baleares (Illes): Isla De Mallorca;Viajero;Residentes en España;2020M06;.
Baleares (Illes): Isla De Mallorca;Viajero;Residentes en España;2020M05;.
Baleares (Illes): Isla De Mallorca;Viajero;Residentes en España;2020M04;0
Baleares (Illes): Isla De Mallorca;Viajero;Residentes en España;2020M03;18.365
Baleares (Illes): Isla De Mallorca;Viajero;Residentes en España;2020M02;42.661
Baleares (Illes): Isla De Mallorca;Viajero;Residentes en España;2020M01;18.903
Baleares (Illes): Isla De Mallorca;Viajero;Residentes en el Extranjero;2025M03;216.501
Baleares (Illes): Isla De Mallorca;Viajero;Residentes en el Extranjero;2025M02;106.996
Baleares (Illes): Isla De Mallorca;Viajero;Residentes en el Extranjero;2025M01;37.071
Baleares (Illes): Isla De Mallorca;Viajero;Residentes en el Extranjero;2024M12;51.937
Baleares (Illes): Isla De Mallorca;Viajero;Residentes en el Extranjero;2024M11;71.872
Baleares (Illes): Isla De Mallorca;Viajero;Residentes en el Extranjero;2024M10;1.004.078
Baleares (Illes): Isla De Mallorca;Viajero;Residentes en el Extranjero;2024M09;1.193.427
Baleares (Illes): Isla De Mallorca;Viajero;Residentes en el Extranjero;2024M08;1.354.833
Baleares (Illes): Isla De Mallorca;Viajero;Residentes en el Extranjero;2024M07;1.366.316
Baleares (Illes): Isla De Mallorca;Viajero;Residentes en el Extranjero;2024M06;1.258.522
Baleares (Illes): Isla De Mallorca;Viajero;Residentes en el Extranjero;2024M05;1.195.918
Baleares (Illes): Isla De Mallorca;Viajero;Residentes en el Extranjero;2024M04;611.566
Baleares (Illes): Isla De Mallorca;Viajero;Residentes en el Extranjero;2024M03;263.447
Baleares (Illes): Isla De Mallorca;Viajero;Residentes en el Extranjero;2024M02;86.806
Baleares (Illes): Isla De Mallorca;Viajero;Residentes en el Extranjero;2024M01;35.190
Baleares (Illes): Isla De Mallorca;Viajero;Residentes en el Extranjero;2023M12;47.691
Baleares (Illes): Isla De Mallorca;Viajero;Residentes en el Extranjero;2023M11;67.092
Baleares (Illes): Isla De Mallorca;Viajero;Residentes en el Extranjero;2023M10;832.537
Baleares (Illes): Isla De Mallorca;Viajero;Residentes en el Extranjero;2023M09;1.115.239
Baleares (Illes): Isla De Mallorca;Viajero;Residentes en el Extranjero;2023M08;1.289.303
Baleares (Illes): Isla De Mallorca;Viajero;Residentes en el Extranjero;2023M07;1.300.002
Baleares (Illes): Isla De Mallorca;Viajero;Residentes en el Extranjero;2023M06;1.193.757
Baleares (Illes): Isla De Mallorca;Viajero;Residentes en el Extranjero;2023M05;1.014.028
Baleares (Illes): Isla De Mallorca;Viajero;Residentes en el Extranjero;2023M04;607.674
Baleares (Illes): Isla De Mallorca;Viajero;Residentes en el Extranjero;2023M03;161.459
Baleares (Illes): Isla De Mallorca;Viajero;Residentes en el Extranjero;2023M02;69.377
Baleares (Illes): Isla De Mallorca;Viajero;Residentes en el Extranjero;2023M01;37.552
Baleares (Illes): Isla De Mallorca;Viajero;Residentes en el Extranjero;2022M12;41.517
Baleares (Illes): Isla De Mallorca;Viajero;Residentes en el Extranjero;2022M11;62.714
Baleares (Illes): Isla De Mallorca;Viajero;Residentes en el Extranjero;2022M10;745.217
Baleares (Illes): Isla De Mallorca;Viajero;Residentes en el Extranjero;2022M09;1.059.563
Baleares (Illes): Isla De Mallorca;Viajero;Residentes en el Extranjero;2022M08;1.187.761
Baleares (Illes): Isla De Mallorca;Viajero;Residentes en el Extranjero;2022M07;1.241.629
Baleares (Illes): Isla De Mallorca;Viajero;Residentes en el Extranjero;2022M06;1.120.187
Baleares (Illes): Isla De Mallorca;Viajero;Residentes en el Extranjero;2022M05;936.416
Baleares (Illes): Isla De Mallorca;Viajero;Residentes en el Extranjero;2022M04;477.739
Baleares (Illes): Isla De Mallorca;Viajero;Residentes en el Extranjero;2022M03;135.211
Baleares (Illes): Isla De Mallorca;Viajero;Residentes en el Extranjero;2022M02;45.991
Baleares (Illes): Isla De Mallorca;Viajero;Residentes en el Extranjero;2022M01;18.520
Baleares (Illes): Isla De Mallorca;Viajero;Residentes en el Extranjero;2021M12;25.669
Baleares (Illes): Isla De Mallorca;Viajero;Residentes en el Extranjero;2021M11;49.106
Baleares (Illes): Isla De Mallorca;Viajero;Residentes en el Extranjero;2021M10;512.405
Baleares (Illes): Isla De Mallorca;Viajero;Residentes en el Extranjero;2021M09;613.619
Baleares (Illes): Isla De Mallorca;Viajero;Residentes en el Extranjero;2021M08;647.527
Baleares (Illes): Isla De Mallorca;Viajero;Residentes en el Extranjero;2021M07;623.984
Baleares (Illes): Isla De Mallorca;Viajero;Residentes en el Extranjero;2021M06;325.270
Baleares (Illes): Isla De Mallorca;Viajero;Residentes en el Extranjero;2021M05;132.016
Baleares (Illes): Isla De Mallorca;Viajero;Residentes en el Extranjero;2021M04;43.302
Baleares (Illes): Isla De Mallorca;Viajero;Residentes en el Extranjero;2021M03;14.609
Baleares (Illes): Isla De Mallorca;Viajero;Residentes en el Extranjero;2021M02;3.479
Baleares (Illes): Isla De Mallorca;Viajero;Residentes en el Extranjero;2021M01;2.501
Baleares (Illes): Isla De Mallorca;Viajero;Residentes en el Extranjero;2020M12;5.212
Baleares (Illes): Isla De Mallorca;Viajero;Residentes en el Extranjero;2020M11;5.313
Baleares (Illes): Isla De Mallorca;Viajero;Residentes en el Extranjero;2020M10;20.085
Baleares (Illes): Isla De Mallorca;Viajero;Residentes en el Extranjero;2020M09;36.224
Baleares (Illes): Isla De Mallorca;Viajero;Residentes en el Extranjero;2020M08;175.608
Baleares (Illes): Isla De Mallorca;Viajero;Residentes en el Extranjero;2020M07;194.832
Baleares (Illes): Isla De Mallorca;Viajero;Residentes en el Extranjero;2020M06;.
Baleares (Illes): Isla De Mallorca;Viajero;Residentes en el Extranjero;2020M05;.
Baleares (Illes): Isla De Mallorca;Viajero;Residentes en el Extranjero;2020M04;0
Baleares (Illes): Isla De Mallorca;Viajero;Residentes en el Extranjero;2020M03;53.879
Baleares (Illes): Isla De Mallorca;Viajero;Residentes en el Extranjero;2020M02;79.895
Baleares (Illes): Isla De Mallorca;Viajero;Residentes en el Extranjero;2020M01;37.890
Baleares (Illes): Isla De Mallorca;Pernoctaciones;Residentes en España;2025M03;326.156
Baleares (Illes): Isla De Mallorca;Pernoctaciones;Residentes en España;2025M02;106.825
Baleares (Illes): Isla De Mallorca;Pernoctaciones;Residentes en España;2025M01;61.143
Baleares (Illes): Isla De Mallorca;Pernoctaciones;Residentes en España;2024M12;67.395
Baleares (Illes): Isla De Mallorca;Pernoctaciones;Residentes en España;2024M11;70.117
Baleares (Illes): Isla De Mallorca;Pernoctaciones;Residentes en España;2024M10;316.722
Baleares (Illes): Isla De Mallorca;Pernoctaciones;Residentes en España;2024M09;346.404
Baleares (Illes): Isla De Mallorca;Pernoctaciones;Residentes en España;2024M08;566.713
Baleares (Illes): Isla De Mallorca;Pernoctaciones;Residentes en España;2024M07;456.419
Baleares (Illes): Isla De Mallorca;Pernoctaciones;Residentes en España;2024M06;461.301
Baleares (Illes): Isla De Mallorca;Pernoctaciones;Residentes en España;2024M05;299.207
Baleares (Illes): Isla De Mallorca;Pernoctaciones;Residentes en España;2024M04;309.533
Baleares (Illes): Isla De Mallorca;Pernoctaciones;Residentes en España;2024M03;277.291
Baleares (Illes): Isla De Mallorca;Pernoctaciones;Residentes en España;2024M02;149.188
Baleares (Illes): Isla De Mallorca;Pernoctaciones;Residentes en España;2024M01;45.731
Baleares (Illes): Isla De Mallorca;Pernoctaciones;Residentes en España;2023M12;52.229
Baleares (Illes): Isla De Mallorca;Pernoctaciones;Residentes en España;2023M11;61.041
Baleares (Illes): Isla De Mallorca;Pernoctaciones;Residentes en España;2023M10;297.199
Baleares (Illes): Isla De Mallorca;Pernoctaciones;Residentes en España;2023M09;372.840
Baleares (Illes): Isla De Mallorca;Pernoctaciones;Residentes en España;2023M08;595.189
Baleares (Illes): Isla De Mallorca;Pernoctaciones;Residentes en España;2023M07;482.871
Baleares (Illes): Isla De Mallorca;Pernoctaciones;Residentes en España;2023M06;504.163
Baleares (Illes): Isla De Mallorca;Pernoctaciones;Residentes en España;2023M05;383.886
Baleares (Illes): Isla De Mallorca;Pernoctaciones;Residentes en España;2023M04;240.983
Baleares (Illes): Isla De Mallorca;Pernoctaciones;Residentes en España;2023M03;141.446
Baleares (Illes): Isla De Mallorca;Pernoctaciones;Residentes en España;2023M02;121.488
Baleares (Illes): Isla De Mallorca;Pernoctaciones;Residentes en España;2023M01;73.446
Baleares (Illes): Isla De Mallorca;Pernoctaciones;Residentes en España;2022M12;67.030
Baleares (Illes): Isla De Mallorca;Pernoctaciones;Residentes en España;2022M11;79.679
Baleares (Illes): Isla De Mallorca;Pernoctaciones;Residentes en España;2022M10;259.320
Baleares (Illes): Isla De Mallorca;Pernoctaciones;Residentes en España;2022M09;375.358
Baleares (Illes): Isla De Mallorca;Pernoctaciones;Residentes en España;2022M08;696.328
Baleares (Illes): Isla De Mallorca;Pernoctaciones;Residentes en España;2022M07;462.677
Baleares (Illes): Isla De Mallorca;Pernoctaciones;Residentes en España;2022M06;451.568
Baleares (Illes): Isla De Mallorca;Pernoctaciones;Residentes en España;2022M05;298.211
Baleares (Illes): Isla De Mallorca;Pernoctaciones;Residentes en España;2022M04;286.236
Baleares (Illes): Isla De Mallorca;Pernoctaciones;Residentes en España;2022M03;150.939
Baleares (Illes): Isla De Mallorca;Pernoctaciones;Residentes en España;2022M02;86.495
Baleares (Illes): Isla De Mallorca;Pernoctaciones;Residentes en España;2022M01;33.924
Baleares (Illes): Isla De Mallorca;Pernoctaciones;Residentes en España;2021M12;48.935
Baleares (Illes): Isla De Mallorca;Pernoctaciones;Residentes en España;2021M11;53.839
Baleares (Illes): Isla De Mallorca;Pernoctaciones;Residentes en España;2021M10;223.127
Baleares (Illes): Isla De Mallorca;Pernoctaciones;Residentes en España;2021M09;304.691
Baleares (Illes): Isla De Mallorca;Pernoctaciones;Residentes en España;2021M08;577.024
Baleares (Illes): Isla De Mallorca;Pernoctaciones;Residentes en España;2021M07;361.333
Baleares (Illes): Isla De Mallorca;Pernoctaciones;Residentes en España;2021M06;250.042
Baleares (Illes): Isla De Mallorca;Pernoctaciones;Residentes en España;2021M05;103.861
Baleares (Illes): Isla De Mallorca;Pernoctaciones;Residentes en España;2021M04;41.628
Baleares (Illes): Isla De Mallorca;Pernoctaciones;Residentes en España;2021M03;23.017
Baleares (Illes): Isla De Mallorca;Pernoctaciones;Residentes en España;2021M02;14.440
Baleares (Illes): Isla De Mallorca;Pernoctaciones;Residentes en España;2021M01;10.528
Baleares (Illes): Isla De Mallorca;Pernoctaciones;Residentes en España;2020M12;18.770
Baleares (Illes): Isla De Mallorca;Pernoctaciones;Residentes en España;2020M11;23.410
Baleares (Illes): Isla De Mallorca;Pernoctaciones;Residentes en España;2020M10;49.675
Baleares (Illes): Isla De Mallorca;Pernoctaciones;Residentes en España;2020M09;124.168
Baleares (Illes): Isla De Mallorca;Pernoctaciones;Residentes en España;2020M08;364.485
Baleares (Illes): Isla De Mallorca;Pernoctaciones;Residentes en España;2020M07;131.174
Baleares (Illes): Isla De Mallorca;Pernoctaciones;Residentes en España;2020M06;.
Baleares (Illes): Isla De Mallorca;Pernoctaciones;Residentes en España;2020M05;.
Baleares (Illes): Isla De Mallorca;Pernoctaciones;Residentes en España;2020M04;0
Baleares (Illes): Isla De Mallorca;Pernoctaciones;Residentes en España;2020M03;51.615
Baleares (Illes): Isla De Mallorca;Pernoctaciones;Residentes en España;2020M02;111.587
Baleares (Illes): Isla De Mallorca;Pernoctaciones;Residentes en España;2020M01;40.927
Baleares (Illes): Isla De Mallorca;Pernoctaciones;Residentes en el Extranjero;2025M03;1.013.736
Baleares (Illes): Isla De Mallorca;Pernoctaciones;Residentes en el Extranjero;2025M02;458.126
Baleares (Illes): Isla De Mallorca;Pernoctaciones;Residentes en el Extranjero;2025M01;162.319
Baleares (Illes): Isla De Mallorca;Pernoctaciones;Residentes en el Extranjero;2024M12;201.321
Baleares (Illes): Isla De Mallorca;Pernoctaciones;Residentes en el Extranjero;2024M11;289.684
Baleares (Illes): Isla De Mallorca;Pernoctaciones;Residentes en el Extranjero;2024M10;5.442.759
Baleares (Illes): Isla De Mallorca;Pernoctaciones;Residentes en el Extranjero;2024M09;6.771.813
Baleares (Illes): Isla De Mallorca;Pernoctaciones;Residentes en el Extranjero;2024M08;7.964.889
Baleares (Illes): Isla De Mallorca;Pernoctaciones;Residentes en el Extranjero;2024M07;7.835.717
Baleares (Illes): Isla De Mallorca;Pernoctaciones;Residentes en el Extranjero;2024M06;6.766.147
Baleares (Illes): Isla De Mallorca;Pernoctaciones;Residentes en el Extranjero;2024M05;6.084.069
Baleares (Illes): Isla De Mallorca;Pernoctaciones;Residentes en el Extranjero;2024M04;2.884.773
Baleares (Illes): Isla De Mallorca;Pernoctaciones;Residentes en el Extranjero;2024M03;1.352.789
Baleares (Illes): Isla De Mallorca;Pernoctaciones;Residentes en el Extranjero;2024M02;403.334
Baleares (Illes): Isla De Mallorca;Pernoctaciones;Residentes en el Extranjero;2024M01;155.419
Baleares (Illes): Isla De Mallorca;Pernoctaciones;Residentes en el Extranjero;2023M12;185.133
Baleares (Illes): Isla De Mallorca;Pernoctaciones;Residentes en el Extranjero;2023M11;316.922
Baleares (Illes): Isla De Mallorca;Pernoctaciones;Residentes en el Extranjero;2023M10;4.865.823
Baleares (Illes): Isla De Mallorca;Pernoctaciones;Residentes en el Extranjero;2023M09;6.394.251
Baleares (Illes): Isla De Mallorca;Pernoctaciones;Residentes en el Extranjero;2023M08;7.682.427
Baleares (Illes): Isla De Mallorca;Pernoctaciones;Residentes en el Extranjero;2023M07;7.485.050
Baleares (Illes): Isla De Mallorca;Pernoctaciones;Residentes en el Extranjero;2023M06;6.213.301
Baleares (Illes): Isla De Mallorca;Pernoctaciones;Residentes en el Extranjero;2023M05;5.263.152
Baleares (Illes): Isla De Mallorca;Pernoctaciones;Residentes en el Extranjero;2023M04;2.859.974
Baleares (Illes): Isla De Mallorca;Pernoctaciones;Residentes en el Extranjero;2023M03;754.320
Baleares (Illes): Isla De Mallorca;Pernoctaciones;Residentes en el Extranjero;2023M02;315.717
Baleares (Illes): Isla De Mallorca;Pernoctaciones;Residentes en el Extranjero;2023M01;143.997
Baleares (Illes): Isla De Mallorca;Pernoctaciones;Residentes en el Extranjero;2022M12;160.136
Baleares (Illes): Isla De Mallorca;Pernoctaciones;Residentes en el Extranjero;2022M11;289.530
Baleares (Illes): Isla De Mallorca;Pernoctaciones;Residentes en el Extranjero;2022M10;4.301.171
Baleares (Illes): Isla De Mallorca;Pernoctaciones;Residentes en el Extranjero;2022M09;6.057.652
Baleares (Illes): Isla De Mallorca;Pernoctaciones;Residentes en el Extranjero;2022M08;7.273.552
Baleares (Illes): Isla De Mallorca;Pernoctaciones;Residentes en el Extranjero;2022M07;7.197.215
Baleares (Illes): Isla De Mallorca;Pernoctaciones;Residentes en el Extranjero;2022M06;6.207.762
Baleares (Illes): Isla De Mallorca;Pernoctaciones;Residentes en el Extranjero;2022M05;4.615.205
Baleares (Illes): Isla De Mallorca;Pernoctaciones;Residentes en el Extranjero;2022M04;2.350.753
Baleares (Illes): Isla De Mallorca;Pernoctaciones;Residentes en el Extranjero;2022M03;623.219
Baleares (Illes): Isla De Mallorca;Pernoctaciones;Residentes en el Extranjero;2022M02;193.839
Baleares (Illes): Isla De Mallorca;Pernoctaciones;Residentes en el Extranjero;2022M01;75.008
Baleares (Illes): Isla De Mallorca;Pernoctaciones;Residentes en el Extranjero;2021M12;94.449
Baleares (Illes): Isla De Mallorca;Pernoctaciones;Residentes en el Extranjero;2021M11;234.180
Baleares (Illes): Isla De Mallorca;Pernoctaciones;Residentes en el Extranjero;2021M10;2.988.591
Baleares (Illes): Isla De Mallorca;Pernoctaciones;Residentes en el Extranjero;2021M09;3.553.392
Baleares (Illes): Isla De Mallorca;Pernoctaciones;Residentes en el Extranjero;2021M08;3.970.096
Baleares (Illes): Isla De Mallorca;Pernoctaciones;Residentes en el Extranjero;2021M07;3.749.089
Baleares (Illes): Isla De Mallorca;Pernoctaciones;Residentes en el Extranjero;2021M06;1.630.135
Baleares (Illes): Isla De Mallorca;Pernoctaciones;Residentes en el Extranjero;2021M05;644.200
Baleares (Illes): Isla De Mallorca;Pernoctaciones;Residentes en el Extranjero;2021M04;205.443
Baleares (Illes): Isla De Mallorca;Pernoctaciones;Residentes en el Extranjero;2021M03;55.565
Baleares (Illes): Isla De Mallorca;Pernoctaciones;Residentes en el Extranjero;2021M02;9.975
Baleares (Illes): Isla De Mallorca;Pernoctaciones;Residentes en el Extranjero;2021M01;9.952
Baleares (Illes): Isla De Mallorca;Pernoctaciones;Residentes en el Extranjero;2020M12;15.442
Baleares (Illes): Isla De Mallorca;Pernoctaciones;Residentes en el Extranjero;2020M11;15.620
Baleares (Illes): Isla De Mallorca;Pernoctaciones;Residentes en el Extranjero;2020M10;66.090
Baleares (Illes): Isla De Mallorca;Pernoctaciones;Residentes en el Extranjero;2020M09;163.087
Baleares (Illes): Isla De Mallorca;Pernoctaciones;Residentes en el Extranjero;2020M08;1.082.907
Baleares (Illes): Isla De Mallorca;Pernoctaciones;Residentes en el Extranjero;2020M07;1.103.138
Baleares (Illes): Isla De Mallorca;Pernoctaciones;Residentes en el Extranjero;2020M06;.
Baleares (Illes): Isla De Mallorca;Pernoctaciones;Residentes en el Extranjero;2020M05;.
Baleares (Illes): Isla De Mallorca;Pernoctaciones;Residentes en el Extranjero;2020M04;0
Baleares (Illes): Isla De Mallorca;Pernoctaciones;Residentes en el Extranjero;2020M03;283.209
Baleares (Illes): Isla De Mallorca;Pernoctaciones;Residentes en el Extranjero;2020M02;369.363
Baleares (Illes): Isla De Mallorca;Pernoctaciones;Residentes en el Extranjero;2020M01;166.998
Baleares (Illes): Palma - Calvía;Viajero;Residentes en España;2025M03;65.225
Baleares (Illes): Palma - Calvía;Viajero;Residentes en España;2025M02;37.126
Baleares (Illes): Palma - Calvía;Viajero;Residentes en España;2025M01;20.811
Baleares (Illes): Palma - Calvía;Viajero;Residentes en España;2024M12;30.399
Baleares (Illes): Palma - Calvía;Viajero;Residentes en España;2024M11;26.075
Baleares (Illes): Palma - Calvía;Viajero;Residentes en España;2024M10;59.231
Baleares (Illes): Palma - Calvía;Viajero;Residentes en España;2024M09;52.892
Baleares (Illes): Palma - Calvía;Viajero;Residentes en España;2024M08;50.701
Baleares (Illes): Palma - Calvía;Viajero;Residentes en España;2024M07;52.760
Baleares (Illes): Palma - Calvía;Viajero;Residentes en España;2024M06;63.299
Baleares (Illes): Palma - Calvía;Viajero;Residentes en España;2024M05;59.830
Baleares (Illes): Palma - Calvía;Viajero;Residentes en España;2024M04;54.001
Baleares (Illes): Palma - Calvía;Viajero;Residentes en España;2024M03;56.096
Baleares (Illes): Palma - Calvía;Viajero;Residentes en España;2024M02;35.145
Baleares (Illes): Palma - Calvía;Viajero;Residentes en España;2024M01;20.573
Baleares (Illes): Palma - Calvía;Viajero;Residentes en España;2023M12;21.848
Baleares (Illes): Palma - Calvía;Viajero;Residentes en España;2023M11;26.185
Baleares (Illes): Palma - Calvía;Viajero;Residentes en España;2023M10;49.392
Baleares (Illes): Palma - Calvía;Viajero;Residentes en España;2023M09;44.613
Baleares (Illes): Palma - Calvía;Viajero;Residentes en España;2023M08;49.977
Baleares (Illes): Palma - Calvía;Viajero;Residentes en España;2023M07;57.977
Baleares (Illes): Palma - Calvía;Viajero;Residentes en España;2023M06;71.707
Baleares (Illes): Palma - Calvía;Viajero;Residentes en España;2023M05;66.657
Baleares (Illes): Palma - Calvía;Viajero;Residentes en España;2023M04;53.488
Baleares (Illes): Palma - Calvía;Viajero;Residentes en España;2023M03;38.357
Baleares (Illes): Palma - Calvía;Viajero;Residentes en España;2023M02;36.060
Baleares (Illes): Palma - Calvía;Viajero;Residentes en España;2023M01;26.581
Baleares (Illes): Palma - Calvía;Viajero;Residentes en España;2022M12;26.163
Baleares (Illes): Palma - Calvía;Viajero;Residentes en España;2022M11;32.296
Baleares (Illes): Palma - Calvía;Viajero;Residentes en España;2022M10;70.916
Baleares (Illes): Palma - Calvía;Viajero;Residentes en España;2022M09;49.623
Baleares (Illes): Palma - Calvía;Viajero;Residentes en España;2022M08;76.339
Baleares (Illes): Palma - Calvía;Viajero;Residentes en España;2022M07;59.806
Baleares (Illes): Palma - Calvía;Viajero;Residentes en España;2022M06;80.200
Baleares (Illes): Palma - Calvía;Viajero;Residentes en España;2022M05;55.300
Baleares (Illes): Palma - Calvía;Viajero;Residentes en España;2022M04;54.485
Baleares (Illes): Palma - Calvía;Viajero;Residentes en España;2022M03;40.232
Baleares (Illes): Palma - Calvía;Viajero;Residentes en España;2022M02;27.342
Baleares (Illes): Palma - Calvía;Viajero;Residentes en España;2022M01;13.390
Baleares (Illes): Palma - Calvía;Viajero;Residentes en España;2021M12;19.729
Baleares (Illes): Palma - Calvía;Viajero;Residentes en España;2021M11;23.822
Baleares (Illes): Palma - Calvía;Viajero;Residentes en España;2021M10;55.740
Baleares (Illes): Palma - Calvía;Viajero;Residentes en España;2021M09;48.360
Baleares (Illes): Palma - Calvía;Viajero;Residentes en España;2021M08;58.799
Baleares (Illes): Palma - Calvía;Viajero;Residentes en España;2021M07;45.103
Baleares (Illes): Palma - Calvía;Viajero;Residentes en España;2021M06;41.106
Baleares (Illes): Palma - Calvía;Viajero;Residentes en España;2021M05;25.938
Baleares (Illes): Palma - Calvía;Viajero;Residentes en España;2021M04;16.157
Baleares (Illes): Palma - Calvía;Viajero;Residentes en España;2021M03;9.112
Baleares (Illes): Palma - Calvía;Viajero;Residentes en España;2021M02;6.389
Baleares (Illes): Palma - Calvía;Viajero;Residentes en España;2021M01;4.745
Baleares (Illes): Palma - Calvía;Viajero;Residentes en España;2020M12;8.371
Baleares (Illes): Palma - Calvía;Viajero;Residentes en España;2020M11;10.765
Baleares (Illes): Palma - Calvía;Viajero;Residentes en España;2020M10;16.917
Baleares (Illes): Palma - Calvía;Viajero;Residentes en España;2020M09;26.762
Baleares (Illes): Palma - Calvía;Viajero;Residentes en España;2020M08;46.885
Baleares (Illes): Palma - Calvía;Viajero;Residentes en España;2020M07;20.934
Baleares (Illes): Palma - Calvía;Viajero;Residentes en España;2020M06;.
Baleares (Illes): Palma - Calvía;Viajero;Residentes en España;2020M05;.
Baleares (Illes): Palma - Calvía;Viajero;Residentes en España;2020M04;0
Baleares (Illes): Palma - Calvía;Viajero;Residentes en España;2020M03;11.907
Baleares (Illes): Palma - Calvía;Viajero;Residentes en España;2020M02;32.915
Baleares (Illes): Palma - Calvía;Viajero;Residentes en España;2020M01;14.866
Baleares (Illes): Palma - Calvía;Viajero;Residentes en el Extranjero;2025M03;147.498
Baleares (Illes): Palma - Calvía;Viajero;Residentes en el Extranjero;2025M02;81.353
Baleares (Illes): Palma - Calvía;Viajero;Residentes en el Extranjero;2025M01;33.461
Baleares (Illes): Palma - Calvía;Viajero;Residentes en el Extranjero;2024M12;44.644
Baleares (Illes): Palma - Calvía;Viajero;Residentes en el Extranjero;2024M11;57.087
Baleares (Illes): Palma - Calvía;Viajero;Residentes en el Extranjero;2024M10;495.570
Baleares (Illes): Palma - Calvía;Viajero;Residentes en el Extranjero;2024M09;522.301
Baleares (Illes): Palma - Calvía;Viajero;Residentes en el Extranjero;2024M08;622.826
Baleares (Illes): Palma - Calvía;Viajero;Residentes en el Extranjero;2024M07;630.779
Baleares (Illes): Palma - Calvía;Viajero;Residentes en el Extranjero;2024M06;576.091
Baleares (Illes): Palma - Calvía;Viajero;Residentes en el Extranjero;2024M05;579.881
Baleares (Illes): Palma - Calvía;Viajero;Residentes en el Extranjero;2024M04;375.797
Baleares (Illes): Palma - Calvía;Viajero;Residentes en el Extranjero;2024M03;164.071
Baleares (Illes): Palma - Calvía;Viajero;Residentes en el Extranjero;2024M02;67.889
Baleares (Illes): Palma - Calvía;Viajero;Residentes en el Extranjero;2024M01;29.334
Baleares (Illes): Palma - Calvía;Viajero;Residentes en el Extranjero;2023M12;43.377
Baleares (Illes): Palma - Calvía;Viajero;Residentes en el Extranjero;2023M11;53.359
Baleares (Illes): Palma - Calvía;Viajero;Residentes en el Extranjero;2023M10;407.736
Baleares (Illes): Palma - Calvía;Viajero;Residentes en el Extranjero;2023M09;536.464
Baleares (Illes): Palma - Calvía;Viajero;Residentes en el Extranjero;2023M08;604.633
Baleares (Illes): Palma - Calvía;Viajero;Residentes en el Extranjero;2023M07;624.707
Baleares (Illes): Palma - Calvía;Viajero;Residentes en el Extranjero;2023M06;577.212
Baleares (Illes): Palma - Calvía;Viajero;Residentes en el Extranjero;2023M05;486.913
Baleares (Illes): Palma - Calvía;Viajero;Residentes en el Extranjero;2023M04;363.047
Baleares (Illes): Palma - Calvía;Viajero;Residentes en el Extranjero;2023M03;115.088
Baleares (Illes): Palma - Calvía;Viajero;Residentes en el Extranjero;2023M02;54.340
Baleares (Illes): Palma - Calvía;Viajero;Residentes en el Extranjero;2023M01;34.129
Baleares (Illes): Palma - Calvía;Viajero;Residentes en el Extranjero;2022M12;38.008
Baleares (Illes): Palma - Calvía;Viajero;Residentes en el Extranjero;2022M11;53.693
Baleares (Illes): Palma - Calvía;Viajero;Residentes en el Extranjero;2022M10;360.913
Baleares (Illes): Palma - Calvía;Viajero;Residentes en el Extranjero;2022M09;513.804
Baleares (Illes): Palma - Calvía;Viajero;Residentes en el Extranjero;2022M08;529.136
Baleares (Illes): Palma - Calvía;Viajero;Residentes en el Extranjero;2022M07;553.304
Baleares (Illes): Palma - Calvía;Viajero;Residentes en el Extranjero;2022M06;521.368
Baleares (Illes): Palma - Calvía;Viajero;Residentes en el Extranjero;2022M05;461.972
Baleares (Illes): Palma - Calvía;Viajero;Residentes en el Extranjero;2022M04;284.360
Baleares (Illes): Palma - Calvía;Viajero;Residentes en el Extranjero;2022M03;89.407
Baleares (Illes): Palma - Calvía;Viajero;Residentes en el Extranjero;2022M02;34.974
Baleares (Illes): Palma - Calvía;Viajero;Residentes en el Extranjero;2022M01;15.421
Baleares (Illes): Palma - Calvía;Viajero;Residentes en el Extranjero;2021M12;23.344
Baleares (Illes): Palma - Calvía;Viajero;Residentes en el Extranjero;2021M11;39.511
Baleares (Illes): Palma - Calvía;Viajero;Residentes en el Extranjero;2021M10;246.060
Baleares (Illes): Palma - Calvía;Viajero;Residentes en el Extranjero;2021M09;302.189
Baleares (Illes): Palma - Calvía;Viajero;Residentes en el Extranjero;2021M08;314.077
Baleares (Illes): Palma - Calvía;Viajero;Residentes en el Extranjero;2021M07;302.611
Baleares (Illes): Palma - Calvía;Viajero;Residentes en el Extranjero;2021M06;149.628
Baleares (Illes): Palma - Calvía;Viajero;Residentes en el Extranjero;2021M05;78.896
Baleares (Illes): Palma - Calvía;Viajero;Residentes en el Extranjero;2021M04;28.874
Baleares (Illes): Palma - Calvía;Viajero;Residentes en el Extranjero;2021M03;11.966
Baleares (Illes): Palma - Calvía;Viajero;Residentes en el Extranjero;2021M02;3.303
Baleares (Illes): Palma - Calvía;Viajero;Residentes en el Extranjero;2021M01;2.465
Baleares (Illes): Palma - Calvía;Viajero;Residentes en el Extranjero;2020M12;4.977
Baleares (Illes): Palma - Calvía;Viajero;Residentes en el Extranjero;2020M11;4.907
Baleares (Illes): Palma - Calvía;Viajero;Residentes en el Extranjero;2020M10;15.295
Baleares (Illes): Palma - Calvía;Viajero;Residentes en el Extranjero;2020M09;22.601
Baleares (Illes): Palma - Calvía;Viajero;Residentes en el Extranjero;2020M08;88.118
Baleares (Illes): Palma - Calvía;Viajero;Residentes en el Extranjero;2020M07;95.804
Baleares (Illes): Palma - Calvía;Viajero;Residentes en el Extranjero;2020M06;.
Baleares (Illes): Palma - Calvía;Viajero;Residentes en el Extranjero;2020M05;.
Baleares (Illes): Palma - Calvía;Viajero;Residentes en el Extranjero;2020M04;0
Baleares (Illes): Palma - Calvía;Viajero;Residentes en el Extranjero;2020M03;34.323
Baleares (Illes): Palma - Calvía;Viajero;Residentes en el Extranjero;2020M02;62.040
Baleares (Illes): Palma - Calvía;Viajero;Residentes en el Extranjero;2020M01;28.891
Baleares (Illes): Palma - Calvía;Pernoctaciones;Residentes en España;2025M03;239.549
Baleares (Illes): Palma - Calvía;Pernoctaciones;Residentes en España;2025M02;94.212
Baleares (Illes): Palma - Calvía;Pernoctaciones;Residentes en España;2025M01;54.087
Baleares (Illes): Palma - Calvía;Pernoctaciones;Residentes en España;2024M12;57.667
Baleares (Illes): Palma - Calvía;Pernoctaciones;Residentes en España;2024M11;62.510
Baleares (Illes): Palma - Calvía;Pernoctaciones;Residentes en España;2024M10;146.784
Baleares (Illes): Palma - Calvía;Pernoctaciones;Residentes en España;2024M09;176.854
Baleares (Illes): Palma - Calvía;Pernoctaciones;Residentes en España;2024M08;182.877
Baleares (Illes): Palma - Calvía;Pernoctaciones;Residentes en España;2024M07;186.299
Baleares (Illes): Palma - Calvía;Pernoctaciones;Residentes en España;2024M06;195.103
Baleares (Illes): Palma - Calvía;Pernoctaciones;Residentes en España;2024M05;157.394
Baleares (Illes): Palma - Calvía;Pernoctaciones;Residentes en España;2024M04;158.062
Baleares (Illes): Palma - Calvía;Pernoctaciones;Residentes en España;2024M03;147.068
Baleares (Illes): Palma - Calvía;Pernoctaciones;Residentes en España;2024M02;113.284
Baleares (Illes): Palma - Calvía;Pernoctaciones;Residentes en España;2024M01;40.799
Baleares (Illes): Palma - Calvía;Pernoctaciones;Residentes en España;2023M12;46.015
Baleares (Illes): Palma - Calvía;Pernoctaciones;Residentes en España;2023M11;52.580
Baleares (Illes): Palma - Calvía;Pernoctaciones;Residentes en España;2023M10;143.128
Baleares (Illes): Palma - Calvía;Pernoctaciones;Residentes en España;2023M09;130.278
Baleares (Illes): Palma - Calvía;Pernoctaciones;Residentes en España;2023M08;199.596
Baleares (Illes): Palma - Calvía;Pernoctaciones;Residentes en España;2023M07;192.566
Baleares (Illes): Palma - Calvía;Pernoctaciones;Residentes en España;2023M06;234.074
Baleares (Illes): Palma - Calvía;Pernoctaciones;Residentes en España;2023M05;234.438
Baleares (Illes): Palma - Calvía;Pernoctaciones;Residentes en España;2023M04;164.654
Baleares (Illes): Palma - Calvía;Pernoctaciones;Residentes en España;2023M03;122.079
Baleares (Illes): Palma - Calvía;Pernoctaciones;Residentes en España;2023M02;110.001
Baleares (Illes): Palma - Calvía;Pernoctaciones;Residentes en España;2023M01;58.994
Baleares (Illes): Palma - Calvía;Pernoctaciones;Residentes en España;2022M12;60.715
Baleares (Illes): Palma - Calvía;Pernoctaciones;Residentes en España;2022M11;73.927
Baleares (Illes): Palma - Calvía;Pernoctaciones;Residentes en España;2022M10;162.967
Baleares (Illes): Palma - Calvía;Pernoctaciones;Residentes en España;2022M09;156.664
Baleares (Illes): Palma - Calvía;Pernoctaciones;Residentes en España;2022M08;273.886
Baleares (Illes): Palma - Calvía;Pernoctaciones;Residentes en España;2022M07;202.561
Baleares (Illes): Palma - Calvía;Pernoctaciones;Residentes en España;2022M06;256.843
Baleares (Illes): Palma - Calvía;Pernoctaciones;Residentes en España;2022M05;149.838
Baleares (Illes): Palma - Calvía;Pernoctaciones;Residentes en España;2022M04;178.106
Baleares (Illes): Palma - Calvía;Pernoctaciones;Residentes en España;2022M03;132.248
Baleares (Illes): Palma - Calvía;Pernoctaciones;Residentes en España;2022M02;72.686
Baleares (Illes): Palma - Calvía;Pernoctaciones;Residentes en España;2022M01;29.799
Baleares (Illes): Palma - Calvía;Pernoctaciones;Residentes en España;2021M12;45.195
Baleares (Illes): Palma - Calvía;Pernoctaciones;Residentes en España;2021M11;48.560
Baleares (Illes): Palma - Calvía;Pernoctaciones;Residentes en España;2021M10;142.528
Baleares (Illes): Palma - Calvía;Pernoctaciones;Residentes en España;2021M09;139.009
Baleares (Illes): Palma - Calvía;Pernoctaciones;Residentes en España;2021M08;207.828
Baleares (Illes): Palma - Calvía;Pernoctaciones;Residentes en España;2021M07;147.890
Baleares (Illes): Palma - Calvía;Pernoctaciones;Residentes en España;2021M06;110.358
Baleares (Illes): Palma - Calvía;Pernoctaciones;Residentes en España;2021M05;58.762
Baleares (Illes): Palma - Calvía;Pernoctaciones;Residentes en España;2021M04;34.969
Baleares (Illes): Palma - Calvía;Pernoctaciones;Residentes en España;2021M03;20.184
Baleares (Illes): Palma - Calvía;Pernoctaciones;Residentes en España;2021M02;12.825
Baleares (Illes): Palma - Calvía;Pernoctaciones;Residentes en España;2021M01;9.522
Baleares (Illes): Palma - Calvía;Pernoctaciones;Residentes en España;2020M12;17.519
Baleares (Illes): Palma - Calvía;Pernoctaciones;Residentes en España;2020M11;20.606
Baleares (Illes): Palma - Calvía;Pernoctaciones;Residentes en España;2020M10;37.219
Baleares (Illes): Palma - Calvía;Pernoctaciones;Residentes en España;2020M09;71.181
Baleares (Illes): Palma - Calvía;Pernoctaciones;Residentes en España;2020M08;156.186
Baleares (Illes): Palma - Calvía;Pernoctaciones;Residentes en España;2020M07;56.820
Baleares (Illes): Palma - Calvía;Pernoctaciones;Residentes en España;2020M06;.
Baleares (Illes): Palma - Calvía;Pernoctaciones;Residentes en España;2020M05;.
Baleares (Illes): Palma - Calvía;Pernoctaciones;Residentes en España;2020M04;0
Baleares (Illes): Palma - Calvía;Pernoctaciones;Residentes en España;2020M03;32.510
Baleares (Illes): Palma - Calvía;Pernoctaciones;Residentes en España;2020M02;93.405
Baleares (Illes): Palma - Calvía;Pernoctaciones;Residentes en España;2020M01;32.672
Baleares (Illes): Palma - Calvía;Pernoctaciones;Residentes en el Extranjero;2025M03;615.935
Baleares (Illes): Palma - Calvía;Pernoctaciones;Residentes en el Extranjero;2025M02;322.481
Baleares (Illes): Palma - Calvía;Pernoctaciones;Residentes en el Extranjero;2025M01;132.583
Baleares (Illes): Palma - Calvía;Pernoctaciones;Residentes en el Extranjero;2024M12;163.763
Baleares (Illes): Palma - Calvía;Pernoctaciones;Residentes en el Extranjero;2024M11;219.218
Baleares (Illes): Palma - Calvía;Pernoctaciones;Residentes en el Extranjero;2024M10;2.223.463
Baleares (Illes): Palma - Calvía;Pernoctaciones;Residentes en el Extranjero;2024M09;2.635.942
Baleares (Illes): Palma - Calvía;Pernoctaciones;Residentes en el Extranjero;2024M08;3.146.407
Baleares (Illes): Palma - Calvía;Pernoctaciones;Residentes en el Extranjero;2024M07;3.056.069
Baleares (Illes): Palma - Calvía;Pernoctaciones;Residentes en el Extranjero;2024M06;2.612.842
Baleares (Illes): Palma - Calvía;Pernoctaciones;Residentes en el Extranjero;2024M05;2.491.362
Baleares (Illes): Palma - Calvía;Pernoctaciones;Residentes en el Extranjero;2024M04;1.596.921
Baleares (Illes): Palma - Calvía;Pernoctaciones;Residentes en el Extranjero;2024M03;792.506
Baleares (Illes): Palma - Calvía;Pernoctaciones;Residentes en el Extranjero;2024M02;301.991
Baleares (Illes): Palma - Calvía;Pernoctaciones;Residentes en el Extranjero;2024M01;124.946
Baleares (Illes): Palma - Calvía;Pernoctaciones;Residentes en el Extranjero;2023M12;162.566
Baleares (Illes): Palma - Calvía;Pernoctaciones;Residentes en el Extranjero;2023M11;231.061
Baleares (Illes): Palma - Calvía;Pernoctaciones;Residentes en el Extranjero;2023M10;2.045.795
Baleares (Illes): Palma - Calvía;Pernoctaciones;Residentes en el Extranjero;2023M09;2.568.531
Baleares (Illes): Palma - Calvía;Pernoctaciones;Residentes en el Extranjero;2023M08;3.028.965
Baleares (Illes): Palma - Calvía;Pernoctaciones;Residentes en el Extranjero;2023M07;2.955.482
Baleares (Illes): Palma - Calvía;Pernoctaciones;Residentes en el Extranjero;2023M06;2.464.057
Baleares (Illes): Palma - Calvía;Pernoctaciones;Residentes en el Extranjero;2023M05;2.155.354
Baleares (Illes): Palma - Calvía;Pernoctaciones;Residentes en el Extranjero;2023M04;1.523.646
Baleares (Illes): Palma - Calvía;Pernoctaciones;Residentes en el Extranjero;2023M03;498.831
Baleares (Illes): Palma - Calvía;Pernoctaciones;Residentes en el Extranjero;2023M02;233.546
Baleares (Illes): Palma - Calvía;Pernoctaciones;Residentes en el Extranjero;2023M01;123.514
Baleares (Illes): Palma - Calvía;Pernoctaciones;Residentes en el Extranjero;2022M12;140.845
Baleares (Illes): Palma - Calvía;Pernoctaciones;Residentes en el Extranjero;2022M11;229.619
Baleares (Illes): Palma - Calvía;Pernoctaciones;Residentes en el Extranjero;2022M10;1.794.603
Baleares (Illes): Palma - Calvía;Pernoctaciones;Residentes en el Extranjero;2022M09;2.465.713
Baleares (Illes): Palma - Calvía;Pernoctaciones;Residentes en el Extranjero;2022M08;2.852.873
Baleares (Illes): Palma - Calvía;Pernoctaciones;Residentes en el Extranjero;2022M07;2.869.596
Baleares (Illes): Palma - Calvía;Pernoctaciones;Residentes en el Extranjero;2022M06;2.430.895
Baleares (Illes): Palma - Calvía;Pernoctaciones;Residentes en el Extranjero;2022M05;2.008.066
Baleares (Illes): Palma - Calvía;Pernoctaciones;Residentes en el Extranjero;2022M04;1.280.361
Baleares (Illes): Palma - Calvía;Pernoctaciones;Residentes en el Extranjero;2022M03;373.061
Baleares (Illes): Palma - Calvía;Pernoctaciones;Residentes en el Extranjero;2022M02;136.365
Baleares (Illes): Palma - Calvía;Pernoctaciones;Residentes en el Extranjero;2022M01;57.086
Baleares (Illes): Palma - Calvía;Pernoctaciones;Residentes en el Extranjero;2021M12;80.076
Baleares (Illes): Palma - Calvía;Pernoctaciones;Residentes en el Extranjero;2021M11;169.247
Baleares (Illes): Palma - Calvía;Pernoctaciones;Residentes en el Extranjero;2021M10;1.286.550
Baleares (Illes): Palma - Calvía;Pernoctaciones;Residentes en el Extranjero;2021M09;1.499.782
Baleares (Illes): Palma - Calvía;Pernoctaciones;Residentes en el Extranjero;2021M08;1.675.370
Baleares (Illes): Palma - Calvía;Pernoctaciones;Residentes en el Extranjero;2021M07;1.613.877
Baleares (Illes): Palma - Calvía;Pernoctaciones;Residentes en el Extranjero;2021M06;688.697
Baleares (Illes): Palma - Calvía;Pernoctaciones;Residentes en el Extranjero;2021M05;352.752
Baleares (Illes): Palma - Calvía;Pernoctaciones;Residentes en el Extranjero;2021M04;122.536
Baleares (Illes): Palma - Calvía;Pernoctaciones;Residentes en el Extranjero;2021M03;43.246
Baleares (Illes): Palma - Calvía;Pernoctaciones;Residentes en el Extranjero;2021M02;9.502
Baleares (Illes): Palma - Calvía;Pernoctaciones;Residentes en el Extranjero;2021M01;9.471
Baleares (Illes): Palma - Calvía;Pernoctaciones;Residentes en el Extranjero;2020M12;14.779
Baleares (Illes): Palma - Calvía;Pernoctaciones;Residentes en el Extranjero;2020M11;15.175
Baleares (Illes): Palma - Calvía;Pernoctaciones;Residentes en el Extranjero;2020M10;50.477
Baleares (Illes): Palma - Calvía;Pernoctaciones;Residentes en el Extranjero;2020M09;87.819
Baleares (Illes): Palma - Calvía;Pernoctaciones;Residentes en el Extranjero;2020M08;501.213
Baleares (Illes): Palma - Calvía;Pernoctaciones;Residentes en el Extranjero;2020M07;483.740
Baleares (Illes): Palma - Calvía;Pernoctaciones;Residentes en el Extranjero;2020M06;.
Baleares (Illes): Palma - Calvía;Pernoctaciones;Residentes en el Extranjero;2020M05;.
Baleares (Illes): Palma - Calvía;Pernoctaciones;Residentes en el Extranjero;2020M04;0
Baleares (Illes): Palma - Calvía;Pernoctaciones;Residentes en el Extranjero;2020M03;173.224
Baleares (Illes): Palma - Calvía;Pernoctaciones;Residentes en el Extranjero;2020M02;271.111
Baleares (Illes): Palma - Calvía;Pernoctaciones;Residentes en el Extranjero;2020M01;114.145
Baleares (Illes): Isla De Menorca;Viajero;Residentes en España;2025M03;3.437
Baleares (Illes): Isla De Menorca;Viajero;Residentes en España;2025M02;1.829
Baleares (Illes): Isla De Menorca;Viajero;Residentes en España;2025M01;.
Baleares (Illes): Isla De Menorca;Viajero;Residentes en España;2024M12;.
Baleares (Illes): Isla De Menorca;Viajero;Residentes en España;2024M11;2.998
Baleares (Illes): Isla De Menorca;Viajero;Residentes en España;2024M10;15.506
Baleares (Illes): Isla De Menorca;Viajero;Residentes en España;2024M09;27.841
Baleares (Illes): Isla De Menorca;Viajero;Residentes en España;2024M08;41.548
Baleares (Illes): Isla De Menorca;Viajero;Residentes en España;2024M07;41.960
Baleares (Illes): Isla De Menorca;Viajero;Residentes en España;2024M06;38.107
Baleares (Illes): Isla De Menorca;Viajero;Residentes en España;2024M05;25.716
Baleares (Illes): Isla De Menorca;Viajero;Residentes en España;2024M04;5.987
Baleares (Illes): Isla De Menorca;Viajero;Residentes en España;2024M03;4.894
Baleares (Illes): Isla De Menorca;Viajero;Residentes en España;2024M02;3.457
Baleares (Illes): Isla De Menorca;Viajero;Residentes en España;2024M01;2.492
Baleares (Illes): Isla De Menorca;Viajero;Residentes en España;2023M12;1.989
Baleares (Illes): Isla De Menorca;Viajero;Residentes en España;2023M11;4.012
Baleares (Illes): Isla De Menorca;Viajero;Residentes en España;2023M10;21.241
Baleares (Illes): Isla De Menorca;Viajero;Residentes en España;2023M09;33.619
Baleares (Illes): Isla De Menorca;Viajero;Residentes en España;2023M08;48.251
Baleares (Illes): Isla De Menorca;Viajero;Residentes en España;2023M07;55.232
Baleares (Illes): Isla De Menorca;Viajero;Residentes en España;2023M06;44.214
Baleares (Illes): Isla De Menorca;Viajero;Residentes en España;2023M05;31.610
Baleares (Illes): Isla De Menorca;Viajero;Residentes en España;2023M04;8.583
Baleares (Illes): Isla De Menorca;Viajero;Residentes en España;2023M03;4.342
Baleares (Illes): Isla De Menorca;Viajero;Residentes en España;2023M02;.
Baleares (Illes): Isla De Menorca;Viajero;Residentes en España;2023M01;.
Baleares (Illes): Isla De Menorca;Viajero;Residentes en España;2022M12;.
Baleares (Illes): Isla De Menorca;Viajero;Residentes en España;2022M11;.
Baleares (Illes): Isla De Menorca;Viajero;Residentes en España;2022M10;18.736
Baleares (Illes): Isla De Menorca;Viajero;Residentes en España;2022M09;32.767
Baleares (Illes): Isla De Menorca;Viajero;Residentes en España;2022M08;48.984
Baleares (Illes): Isla De Menorca;Viajero;Residentes en España;2022M07;50.274
Baleares (Illes): Isla De Menorca;Viajero;Residentes en España;2022M06;43.001
Baleares (Illes): Isla De Menorca;Viajero;Residentes en España;2022M05;27.323
Baleares (Illes): Isla De Menorca;Viajero;Residentes en España;2022M04;10.567
Baleares (Illes): Isla De Menorca;Viajero;Residentes en España;2022M03;3.269
Baleares (Illes): Isla De Menorca;Viajero;Residentes en España;2022M02;2.716
Baleares (Illes): Isla De Menorca;Viajero;Residentes en España;2022M01;1.715
Baleares (Illes): Isla De Menorca;Viajero;Residentes en España;2021M12;1.763
Baleares (Illes): Isla De Menorca;Viajero;Residentes en España;2021M11;3.117
Baleares (Illes): Isla De Menorca;Viajero;Residentes en España;2021M10;21.682
Baleares (Illes): Isla De Menorca;Viajero;Residentes en España;2021M09;43.644
Baleares (Illes): Isla De Menorca;Viajero;Residentes en España;2021M08;67.787
Baleares (Illes): Isla De Menorca;Viajero;Residentes en España;2021M07;56.400
Baleares (Illes): Isla De Menorca;Viajero;Residentes en España;2021M06;35.937
Baleares (Illes): Isla De Menorca;Viajero;Residentes en España;2021M05;8.234
Baleares (Illes): Isla De Menorca;Viajero;Residentes en España;2021M04;4.160
Baleares (Illes): Isla De Menorca;Viajero;Residentes en España;2021M03;.
Baleares (Illes): Isla De Menorca;Viajero;Residentes en España;2021M02;.
Baleares (Illes): Isla De Menorca;Viajero;Residentes en España;2021M01;.
Baleares (Illes): Isla De Menorca;Viajero;Residentes en España;2020M12;.
Baleares (Illes): Isla De Menorca;Viajero;Residentes en España;2020M11;2.089
Baleares (Illes): Isla De Menorca;Viajero;Residentes en España;2020M10;7.765
Baleares (Illes): Isla De Menorca;Viajero;Residentes en España;2020M09;30.161
Baleares (Illes): Isla De Menorca;Viajero;Residentes en España;2020M08;39.719
Baleares (Illes): Isla De Menorca;Viajero;Residentes en España;2020M07;31.023
Baleares (Illes): Isla De Menorca;Viajero;Residentes en España;2020M06;.
Baleares (Illes): Isla De Menorca;Viajero;Residentes en España;2020M05;.
Baleares (Illes): Isla De Menorca;Viajero;Residentes en España;2020M04;0
Baleares (Illes): Isla De Menorca;Viajero;Residentes en España;2020M03;.
Baleares (Illes): Isla De Menorca;Viajero;Residentes en España;2020M02;3.860
Baleares (Illes): Isla De Menorca;Viajero;Residentes en España;2020M01;2.959
Baleares (Illes): Isla De Menorca;Viajero;Residentes en el Extranjero;2025M03;2.156
Baleares (Illes): Isla De Menorca;Viajero;Residentes en el Extranjero;2025M02;1.181
Baleares (Illes): Isla De Menorca;Viajero;Residentes en el Extranjero;2025M01;.
Baleares (Illes): Isla De Menorca;Viajero;Residentes en el Extranjero;2024M12;.
Baleares (Illes): Isla De Menorca;Viajero;Residentes en el Extranjero;2024M11;710
Baleares (Illes): Isla De Menorca;Viajero;Residentes en el Extranjero;2024M10;51.254
Baleares (Illes): Isla De Menorca;Viajero;Residentes en el Extranjero;2024M09;94.789
Baleares (Illes): Isla De Menorca;Viajero;Residentes en el Extranjero;2024M08;122.843
Baleares (Illes): Isla De Menorca;Viajero;Residentes en el Extranjero;2024M07;107.843
Baleares (Illes): Isla De Menorca;Viajero;Residentes en el Extranjero;2024M06;102.964
Baleares (Illes): Isla De Menorca;Viajero;Residentes en el Extranjero;2024M05;83.206
Baleares (Illes): Isla De Menorca;Viajero;Residentes en el Extranjero;2024M04;7.791
Baleares (Illes): Isla De Menorca;Viajero;Residentes en el Extranjero;2024M03;1.274
Baleares (Illes): Isla De Menorca;Viajero;Residentes en el Extranjero;2024M02;637
Baleares (Illes): Isla De Menorca;Viajero;Residentes en el Extranjero;2024M01;399
Baleares (Illes): Isla De Menorca;Viajero;Residentes en el Extranjero;2023M12;1.052
Baleares (Illes): Isla De Menorca;Viajero;Residentes en el Extranjero;2023M11;774
Baleares (Illes): Isla De Menorca;Viajero;Residentes en el Extranjero;2023M10;43.394
Baleares (Illes): Isla De Menorca;Viajero;Residentes en el Extranjero;2023M09;94.700
Baleares (Illes): Isla De Menorca;Viajero;Residentes en el Extranjero;2023M08;115.549
Baleares (Illes): Isla De Menorca;Viajero;Residentes en el Extranjero;2023M07;107.859
Baleares (Illes): Isla De Menorca;Viajero;Residentes en el Extranjero;2023M06;96.398
Baleares (Illes): Isla De Menorca;Viajero;Residentes en el Extranjero;2023M05;70.240
Baleares (Illes): Isla De Menorca;Viajero;Residentes en el Extranjero;2023M04;5.730
Baleares (Illes): Isla De Menorca;Viajero;Residentes en el Extranjero;2023M03;809
Baleares (Illes): Isla De Menorca;Viajero;Residentes en el Extranjero;2023M02;.
Baleares (Illes): Isla De Menorca;Viajero;Residentes en el Extranjero;2023M01;.
Baleares (Illes): Isla De Menorca;Viajero;Residentes en el Extranjero;2022M12;.
Baleares (Illes): Isla De Menorca;Viajero;Residentes en el Extranjero;2022M11;.
Baleares (Illes): Isla De Menorca;Viajero;Residentes en el Extranjero;2022M10;38.850
Baleares (Illes): Isla De Menorca;Viajero;Residentes en el Extranjero;2022M09;88.240
Baleares (Illes): Isla De Menorca;Viajero;Residentes en el Extranjero;2022M08;112.278
Baleares (Illes): Isla De Menorca;Viajero;Residentes en el Extranjero;2022M07;106.874
Baleares (Illes): Isla De Menorca;Viajero;Residentes en el Extranjero;2022M06;94.925
Baleares (Illes): Isla De Menorca;Viajero;Residentes en el Extranjero;2022M05;70.844
Baleares (Illes): Isla De Menorca;Viajero;Residentes en el Extranjero;2022M04;10.511
Baleares (Illes): Isla De Menorca;Viajero;Residentes en el Extranjero;2022M03;872
Baleares (Illes): Isla De Menorca;Viajero;Residentes en el Extranjero;2022M02;466
Baleares (Illes): Isla De Menorca;Viajero;Residentes en el Extranjero;2022M01;395
Baleares (Illes): Isla De Menorca;Viajero;Residentes en el Extranjero;2021M12;588
Baleares (Illes): Isla De Menorca;Viajero;Residentes en el Extranjero;2021M11;645
Baleares (Illes): Isla De Menorca;Viajero;Residentes en el Extranjero;2021M10;20.277
Baleares (Illes): Isla De Menorca;Viajero;Residentes en el Extranjero;2021M09;45.638
Baleares (Illes): Isla De Menorca;Viajero;Residentes en el Extranjero;2021M08;56.412
Baleares (Illes): Isla De Menorca;Viajero;Residentes en el Extranjero;2021M07;54.042
Baleares (Illes): Isla De Menorca;Viajero;Residentes en el Extranjero;2021M06;17.422
Baleares (Illes): Isla De Menorca;Viajero;Residentes en el Extranjero;2021M05;4.704
Baleares (Illes): Isla De Menorca;Viajero;Residentes en el Extranjero;2021M04;988
Baleares (Illes): Isla De Menorca;Viajero;Residentes en el Extranjero;2021M03;.
Baleares (Illes): Isla De Menorca;Viajero;Residentes en el Extranjero;2021M02;.
Baleares (Illes): Isla De Menorca;Viajero;Residentes en el Extranjero;2021M01;.
Baleares (Illes): Isla De Menorca;Viajero;Residentes en el Extranjero;2020M12;.
Baleares (Illes): Isla De Menorca;Viajero;Residentes en el Extranjero;2020M11;201
Baleares (Illes): Isla De Menorca;Viajero;Residentes en el Extranjero;2020M10;1.402
Baleares (Illes): Isla De Menorca;Viajero;Residentes en el Extranjero;2020M09;6.670
Baleares (Illes): Isla De Menorca;Viajero;Residentes en el Extranjero;2020M08;18.429
Baleares (Illes): Isla De Menorca;Viajero;Residentes en el Extranjero;2020M07;19.540
Baleares (Illes): Isla De Menorca;Viajero;Residentes en el Extranjero;2020M06;.
Baleares (Illes): Isla De Menorca;Viajero;Residentes en el Extranjero;2020M05;.
Baleares (Illes): Isla De Menorca;Viajero;Residentes en el Extranjero;2020M04;0
Baleares (Illes): Isla De Menorca;Viajero;Residentes en el Extranjero;2020M03;.
Baleares (Illes): Isla De Menorca;Viajero;Residentes en el Extranjero;2020M02;766
Baleares (Illes): Isla De Menorca;Viajero;Residentes en el Extranjero;2020M01;863
Baleares (Illes): Isla De Menorca;Pernoctaciones;Residentes en España;2025M03;6.627
Baleares (Illes): Isla De Menorca;Pernoctaciones;Residentes en España;2025M02;3.672
Baleares (Illes): Isla De Menorca;Pernoctaciones;Residentes en España;2025M01;.
Baleares (Illes): Isla De Menorca;Pernoctaciones;Residentes en España;2024M12;.
Baleares (Illes): Isla De Menorca;Pernoctaciones;Residentes en España;2024M11;5.922
Baleares (Illes): Isla De Menorca;Pernoctaciones;Residentes en España;2024M10;46.549
Baleares (Illes): Isla De Menorca;Pernoctaciones;Residentes en España;2024M09;113.937
Baleares (Illes): Isla De Menorca;Pernoctaciones;Residentes en España;2024M08;191.105
Baleares (Illes): Isla De Menorca;Pernoctaciones;Residentes en España;2024M07;186.287
Baleares (Illes): Isla De Menorca;Pernoctaciones;Residentes en España;2024M06;143.579
Baleares (Illes): Isla De Menorca;Pernoctaciones;Residentes en España;2024M05;98.452
Baleares (Illes): Isla De Menorca;Pernoctaciones;Residentes en España;2024M04;13.709
Baleares (Illes): Isla De Menorca;Pernoctaciones;Residentes en España;2024M03;9.354
Baleares (Illes): Isla De Menorca;Pernoctaciones;Residentes en España;2024M02;5.865
Baleares (Illes): Isla De Menorca;Pernoctaciones;Residentes en España;2024M01;4.641
Baleares (Illes): Isla De Menorca;Pernoctaciones;Residentes en España;2023M12;3.875
Baleares (Illes): Isla De Menorca;Pernoctaciones;Residentes en España;2023M11;7.922
Baleares (Illes): Isla De Menorca;Pernoctaciones;Residentes en España;2023M10;64.333
Baleares (Illes): Isla De Menorca;Pernoctaciones;Residentes en España;2023M09;144.119
Baleares (Illes): Isla De Menorca;Pernoctaciones;Residentes en España;2023M08;230.306
Baleares (Illes): Isla De Menorca;Pernoctaciones;Residentes en España;2023M07;268.941
Baleares (Illes): Isla De Menorca;Pernoctaciones;Residentes en España;2023M06;188.494
Baleares (Illes): Isla De Menorca;Pernoctaciones;Residentes en España;2023M05;103.221
Baleares (Illes): Isla De Menorca;Pernoctaciones;Residentes en España;2023M04;16.265
Baleares (Illes): Isla De Menorca;Pernoctaciones;Residentes en España;2023M03;9.561
Baleares (Illes): Isla De Menorca;Pernoctaciones;Residentes en España;2023M02;.
Baleares (Illes): Isla De Menorca;Pernoctaciones;Residentes en España;2023M01;.
Baleares (Illes): Isla De Menorca;Pernoctaciones;Residentes en España;2022M12;.
Baleares (Illes): Isla De Menorca;Pernoctaciones;Residentes en España;2022M11;.
Baleares (Illes): Isla De Menorca;Pernoctaciones;Residentes en España;2022M10;47.506
Baleares (Illes): Isla De Menorca;Pernoctaciones;Residentes en España;2022M09;144.078
Baleares (Illes): Isla De Menorca;Pernoctaciones;Residentes en España;2022M08;253.005
Baleares (Illes): Isla De Menorca;Pernoctaciones;Residentes en España;2022M07;241.031
Baleares (Illes): Isla De Menorca;Pernoctaciones;Residentes en España;2022M06;191.151
Baleares (Illes): Isla De Menorca;Pernoctaciones;Residentes en España;2022M05;110.727
Baleares (Illes): Isla De Menorca;Pernoctaciones;Residentes en España;2022M04;22.195
Baleares (Illes): Isla De Menorca;Pernoctaciones;Residentes en España;2022M03;7.031
Baleares (Illes): Isla De Menorca;Pernoctaciones;Residentes en España;2022M02;5.838
Baleares (Illes): Isla De Menorca;Pernoctaciones;Residentes en España;2022M01;3.382
Baleares (Illes): Isla De Menorca;Pernoctaciones;Residentes en España;2021M12;3.855
Baleares (Illes): Isla De Menorca;Pernoctaciones;Residentes en España;2021M11;5.835
Baleares (Illes): Isla De Menorca;Pernoctaciones;Residentes en España;2021M10;66.453
Baleares (Illes): Isla De Menorca;Pernoctaciones;Residentes en España;2021M09;195.334
Baleares (Illes): Isla De Menorca;Pernoctaciones;Residentes en España;2021M08;341.970
Baleares (Illes): Isla De Menorca;Pernoctaciones;Residentes en España;2021M07;258.581
Baleares (Illes): Isla De Menorca;Pernoctaciones;Residentes en España;2021M06;129.127
Baleares (Illes): Isla De Menorca;Pernoctaciones;Residentes en España;2021M05;22.471
Baleares (Illes): Isla De Menorca;Pernoctaciones;Residentes en España;2021M04;7.947
Baleares (Illes): Isla De Menorca;Pernoctaciones;Residentes en España;2021M03;.
Baleares (Illes): Isla De Menorca;Pernoctaciones;Residentes en España;2021M02;.
Baleares (Illes): Isla De Menorca;Pernoctaciones;Residentes en España;2021M01;.
Baleares (Illes): Isla De Menorca;Pernoctaciones;Residentes en España;2020M12;.
Baleares (Illes): Isla De Menorca;Pernoctaciones;Residentes en España;2020M11;3.637
Baleares (Illes): Isla De Menorca;Pernoctaciones;Residentes en España;2020M10;18.812
Baleares (Illes): Isla De Menorca;Pernoctaciones;Residentes en España;2020M09;113.035
Baleares (Illes): Isla De Menorca;Pernoctaciones;Residentes en España;2020M08;172.591
Baleares (Illes): Isla De Menorca;Pernoctaciones;Residentes en España;2020M07;102.121
Baleares (Illes): Isla De Menorca;Pernoctaciones;Residentes en España;2020M06;.
Baleares (Illes): Isla De Menorca;Pernoctaciones;Residentes en España;2020M05;.
Baleares (Illes): Isla De Menorca;Pernoctaciones;Residentes en España;2020M04;0
Baleares (Illes): Isla De Menorca;Pernoctaciones;Residentes en España;2020M03;.
Baleares (Illes): Isla De Menorca;Pernoctaciones;Residentes en España;2020M02;8.215
Baleares (Illes): Isla De Menorca;Pernoctaciones;Residentes en España;2020M01;5.728
Baleares (Illes): Isla De Menorca;Pernoctaciones;Residentes en el Extranjero;2025M03;5.580
Baleares (Illes): Isla De Menorca;Pernoctaciones;Residentes en el Extranjero;2025M02;2.399
Baleares (Illes): Isla De Menorca;Pernoctaciones;Residentes en el Extranjero;2025M01;.
Baleares (Illes): Isla De Menorca;Pernoctaciones;Residentes en el Extranjero;2024M12;.
Baleares (Illes): Isla De Menorca;Pernoctaciones;Residentes en el Extranjero;2024M11;1.852
Baleares (Illes): Isla De Menorca;Pernoctaciones;Residentes en el Extranjero;2024M10;340.494
Baleares (Illes): Isla De Menorca;Pernoctaciones;Residentes en el Extranjero;2024M09;638.251
Baleares (Illes): Isla De Menorca;Pernoctaciones;Residentes en el Extranjero;2024M08;803.114
Baleares (Illes): Isla De Menorca;Pernoctaciones;Residentes en el Extranjero;2024M07;721.493
Baleares (Illes): Isla De Menorca;Pernoctaciones;Residentes en el Extranjero;2024M06;645.685
Baleares (Illes): Isla De Menorca;Pernoctaciones;Residentes en el Extranjero;2024M05;476.183
Baleares (Illes): Isla De Menorca;Pernoctaciones;Residentes en el Extranjero;2024M04;28.417
Baleares (Illes): Isla De Menorca;Pernoctaciones;Residentes en el Extranjero;2024M03;4.189
Baleares (Illes): Isla De Menorca;Pernoctaciones;Residentes en el Extranjero;2024M02;1.690
Baleares (Illes): Isla De Menorca;Pernoctaciones;Residentes en el Extranjero;2024M01;1.194
Baleares (Illes): Isla De Menorca;Pernoctaciones;Residentes en el Extranjero;2023M12;2.089
Baleares (Illes): Isla De Menorca;Pernoctaciones;Residentes en el Extranjero;2023M11;1.789
Baleares (Illes): Isla De Menorca;Pernoctaciones;Residentes en el Extranjero;2023M10;283.174
Baleares (Illes): Isla De Menorca;Pernoctaciones;Residentes en el Extranjero;2023M09;642.414
Baleares (Illes): Isla De Menorca;Pernoctaciones;Residentes en el Extranjero;2023M08;774.180
Baleares (Illes): Isla De Menorca;Pernoctaciones;Residentes en el Extranjero;2023M07;682.245
Baleares (Illes): Isla De Menorca;Pernoctaciones;Residentes en el Extranjero;2023M06;630.632
Baleares (Illes): Isla De Menorca;Pernoctaciones;Residentes en el Extranjero;2023M05;411.859
Baleares (Illes): Isla De Menorca;Pernoctaciones;Residentes en el Extranjero;2023M04;19.166
Baleares (Illes): Isla De Menorca;Pernoctaciones;Residentes en el Extranjero;2023M03;2.389
Baleares (Illes): Isla De Menorca;Pernoctaciones;Residentes en el Extranjero;2023M02;.
Baleares (Illes): Isla De Menorca;Pernoctaciones;Residentes en el Extranjero;2023M01;.
Baleares (Illes): Isla De Menorca;Pernoctaciones;Residentes en el Extranjero;2022M12;.
Baleares (Illes): Isla De Menorca;Pernoctaciones;Residentes en el Extranjero;2022M11;.
Baleares (Illes): Isla De Menorca;Pernoctaciones;Residentes en el Extranjero;2022M10;237.207
Baleares (Illes): Isla De Menorca;Pernoctaciones;Residentes en el Extranjero;2022M09;597.375
Baleares (Illes): Isla De Menorca;Pernoctaciones;Residentes en el Extranjero;2022M08;727.220
Baleares (Illes): Isla De Menorca;Pernoctaciones;Residentes en el Extranjero;2022M07;692.519
Baleares (Illes): Isla De Menorca;Pernoctaciones;Residentes en el Extranjero;2022M06;604.291
Baleares (Illes): Isla De Menorca;Pernoctaciones;Residentes en el Extranjero;2022M05;386.878
Baleares (Illes): Isla De Menorca;Pernoctaciones;Residentes en el Extranjero;2022M04;33.241
Baleares (Illes): Isla De Menorca;Pernoctaciones;Residentes en el Extranjero;2022M03;2.814
Baleares (Illes): Isla De Menorca;Pernoctaciones;Residentes en el Extranjero;2022M02;1.070
Baleares (Illes): Isla De Menorca;Pernoctaciones;Residentes en el Extranjero;2022M01;1.221
Baleares (Illes): Isla De Menorca;Pernoctaciones;Residentes en el Extranjero;2021M12;1.419
Baleares (Illes): Isla De Menorca;Pernoctaciones;Residentes en el Extranjero;2021M11;1.677
Baleares (Illes): Isla De Menorca;Pernoctaciones;Residentes en el Extranjero;2021M10;114.938
Baleares (Illes): Isla De Menorca;Pernoctaciones;Residentes en el Extranjero;2021M09;281.854
Baleares (Illes): Isla De Menorca;Pernoctaciones;Residentes en el Extranjero;2021M08;360.159
Baleares (Illes): Isla De Menorca;Pernoctaciones;Residentes en el Extranjero;2021M07;312.094
Baleares (Illes): Isla De Menorca;Pernoctaciones;Residentes en el Extranjero;2021M06;94.175
Baleares (Illes): Isla De Menorca;Pernoctaciones;Residentes en el Extranjero;2021M05;16.319
Baleares (Illes): Isla De Menorca;Pernoctaciones;Residentes en el Extranjero;2021M04;2.573
Baleares (Illes): Isla De Menorca;Pernoctaciones;Residentes en el Extranjero;2021M03;.
Baleares (Illes): Isla De Menorca;Pernoctaciones;Residentes en el Extranjero;2021M02;.
Baleares (Illes): Isla De Menorca;Pernoctaciones;Residentes en el Extranjero;2021M01;.
Baleares (Illes): Isla De Menorca;Pernoctaciones;Residentes en el Extranjero;2020M12;.
Baleares (Illes): Isla De Menorca;Pernoctaciones;Residentes en el Extranjero;2020M11;368
Baleares (Illes): Isla De Menorca;Pernoctaciones;Residentes en el Extranjero;2020M10;4.069
Baleares (Illes): Isla De Menorca;Pernoctaciones;Residentes en el Extranjero;2020M09;30.317
Baleares (Illes): Isla De Menorca;Pernoctaciones;Residentes en el Extranjero;2020M08;114.849
Baleares (Illes): Isla De Menorca;Pernoctaciones;Residentes en el Extranjero;2020M07;87.822
Baleares (Illes): Isla De Menorca;Pernoctaciones;Residentes en el Extranjero;2020M06;.
Baleares (Illes): Isla De Menorca;Pernoctaciones;Residentes en el Extranjero;2020M05;.
Baleares (Illes): Isla De Menorca;Pernoctaciones;Residentes en el Extranjero;2020M04;0
Baleares (Illes): Isla De Menorca;Pernoctaciones;Residentes en el Extranjero;2020M03;.
Baleares (Illes): Isla De Menorca;Pernoctaciones;Residentes en el Extranjero;2020M02;2.160
Baleares (Illes): Isla De Menorca;Pernoctaciones;Residentes en el Extranjero;2020M01;2.363
