Totales Territoriales;Comunidades y Ciudades Autónomas;Provincias;Viajeros y pernoctaciones;Residencia: Nivel 1;Residencia: Nivel 2;Periodo;Total
Total Nacional;09 Cataluña;17 Girona;Viajero;Total;;2025M03;224.683
Total Nacional;09 Cataluña;17 Girona;Viajero;Total;;2025M02;162.469
Total Nacional;09 Cataluña;17 Girona;Viajero;Total;;2025M01;136.542
Total Nacional;09 Cataluña;17 Girona;Viajero;Total;;2024M12;147.887
Total Nacional;09 Cataluña;17 Girona;Viajero;Total;;2024M11;158.379
Total Nacional;09 Cataluña;17 Girona;Viajero;Total;;2024M10;378.812
Total Nacional;09 Cataluña;17 Girona;Viajero;Total;;2024M09;488.831
Total Nacional;09 Cataluña;17 Girona;Viajero;Total;;2024M08;665.394
Total Nacional;09 Cataluña;17 Girona;Viajero;Total;;2024M07;595.471
Total Nacional;09 Cataluña;17 Girona;Viajero;Total;;2024M06;526.872
Total Nacional;09 Cataluña;17 Girona;Viajero;Total;;2024M05;485.568
Total Nacional;09 Cataluña;17 Girona;Viajero;Total;;2024M04;324.331
Total Nacional;09 Cataluña;17 Girona;Viajero;Total;;2024M03;242.817
Total Nacional;09 Cataluña;17 Girona;Viajero;Total;;2024M02;146.071
Total Nacional;09 Cataluña;17 Girona;Viajero;Total;;2024M01;125.212
Total Nacional;09 Cataluña;17 Girona;Viajero;Total;;2023M12;160.939
Total Nacional;09 Cataluña;17 Girona;Viajero;Total;;2023M11;150.172
Total Nacional;09 Cataluña;17 Girona;Viajero;Total;;2023M10;385.596
Total Nacional;09 Cataluña;17 Girona;Viajero;Total;;2023M09;496.403
Total Nacional;09 Cataluña;17 Girona;Viajero;Total;;2023M08;636.179
Total Nacional;09 Cataluña;17 Girona;Viajero;Total;;2023M07;590.663
Total Nacional;09 Cataluña;17 Girona;Viajero;Total;;2023M06;514.135
Total Nacional;09 Cataluña;17 Girona;Viajero;Total;;2023M05;443.609
Total Nacional;09 Cataluña;17 Girona;Viajero;Total;;2023M04;414.955
Total Nacional;09 Cataluña;17 Girona;Viajero;Total;;2023M03;187.875
Total Nacional;09 Cataluña;17 Girona;Viajero;Total;;2023M02;145.938
Total Nacional;09 Cataluña;17 Girona;Viajero;Total;;2023M01;122.352
Total Nacional;09 Cataluña;17 Girona;Viajero;Total;;2022M12;155.444
Total Nacional;09 Cataluña;17 Girona;Viajero;Total;;2022M11;139.248
Total Nacional;09 Cataluña;17 Girona;Viajero;Total;;2022M10;351.089
Total Nacional;09 Cataluña;17 Girona;Viajero;Total;;2022M09;453.933
Total Nacional;09 Cataluña;17 Girona;Viajero;Total;;2022M08;628.238
Total Nacional;09 Cataluña;17 Girona;Viajero;Total;;2022M07;588.305
Total Nacional;09 Cataluña;17 Girona;Viajero;Total;;2022M06;509.322
Total Nacional;09 Cataluña;17 Girona;Viajero;Total;;2022M05;379.462
Total Nacional;09 Cataluña;17 Girona;Viajero;Total;;2022M04;329.552
Total Nacional;09 Cataluña;17 Girona;Viajero;Total;;2022M03;148.484
Total Nacional;09 Cataluña;17 Girona;Viajero;Total;;2022M02;148.373
Total Nacional;09 Cataluña;17 Girona;Viajero;Total;;2022M01;111.627
Total Nacional;09 Cataluña;17 Girona;Viajero;Total;;2021M12;145.152
Total Nacional;09 Cataluña;17 Girona;Viajero;Total;;2021M11;134.474
Total Nacional;09 Cataluña;17 Girona;Viajero;Total;;2021M10;293.218
Total Nacional;09 Cataluña;17 Girona;Viajero;Total;;2021M09;338.181
Total Nacional;09 Cataluña;17 Girona;Viajero;Total;;2021M08;577.762
Total Nacional;09 Cataluña;17 Girona;Viajero;Total;;2021M07;430.850
Total Nacional;09 Cataluña;17 Girona;Viajero;Total;;2021M06;294.814
Total Nacional;09 Cataluña;17 Girona;Viajero;Total;;2021M05;169.103
Total Nacional;09 Cataluña;17 Girona;Viajero;Total;;2021M04;67.238
Total Nacional;09 Cataluña;17 Girona;Viajero;Total;;2021M03;67.372
Total Nacional;09 Cataluña;17 Girona;Viajero;Total;;2021M02;28.130
Total Nacional;09 Cataluña;17 Girona;Viajero;Total;;2021M01;29.191
Total Nacional;09 Cataluña;17 Girona;Viajero;Total;;2020M12;37.523
Total Nacional;09 Cataluña;17 Girona;Viajero;Total;;2020M11;21.251
Total Nacional;09 Cataluña;17 Girona;Viajero;Total;;2020M10;94.514
Total Nacional;09 Cataluña;17 Girona;Viajero;Total;;2020M09;234.219
Total Nacional;09 Cataluña;17 Girona;Viajero;Total;;2020M08;432.036
Total Nacional;09 Cataluña;17 Girona;Viajero;Total;;2020M07;305.377
Total Nacional;09 Cataluña;17 Girona;Viajero;Total;;2020M06;61.777
Total Nacional;09 Cataluña;17 Girona;Viajero;Total;;2020M05;1.301
Total Nacional;09 Cataluña;17 Girona;Viajero;Total;;2020M04;0
Total Nacional;09 Cataluña;17 Girona;Viajero;Total;;2020M03;68.175
Total Nacional;09 Cataluña;17 Girona;Viajero;Total;;2020M02;158.999
Total Nacional;09 Cataluña;17 Girona;Viajero;Total;;2020M01;112.274
Total Nacional;09 Cataluña;17 Girona;Viajero;Total;Residentes en España;2025M03;123.850
Total Nacional;09 Cataluña;17 Girona;Viajero;Total;Residentes en España;2025M02;89.278
Total Nacional;09 Cataluña;17 Girona;Viajero;Total;Residentes en España;2025M01;77.019
Total Nacional;09 Cataluña;17 Girona;Viajero;Total;Residentes en España;2024M12;90.335
Total Nacional;09 Cataluña;17 Girona;Viajero;Total;Residentes en España;2024M11;87.089
Total Nacional;09 Cataluña;17 Girona;Viajero;Total;Residentes en España;2024M10;124.055
Total Nacional;09 Cataluña;17 Girona;Viajero;Total;Residentes en España;2024M09;153.476
Total Nacional;09 Cataluña;17 Girona;Viajero;Total;Residentes en España;2024M08;257.099
Total Nacional;09 Cataluña;17 Girona;Viajero;Total;Residentes en España;2024M07;200.566
Total Nacional;09 Cataluña;17 Girona;Viajero;Total;Residentes en España;2024M06;224.004
Total Nacional;09 Cataluña;17 Girona;Viajero;Total;Residentes en España;2024M05;170.800
Total Nacional;09 Cataluña;17 Girona;Viajero;Total;Residentes en España;2024M04;110.893
Total Nacional;09 Cataluña;17 Girona;Viajero;Total;Residentes en España;2024M03;132.842
Total Nacional;09 Cataluña;17 Girona;Viajero;Total;Residentes en España;2024M02;77.554
Total Nacional;09 Cataluña;17 Girona;Viajero;Total;Residentes en España;2024M01;74.352
Total Nacional;09 Cataluña;17 Girona;Viajero;Total;Residentes en España;2023M12;97.216
Total Nacional;09 Cataluña;17 Girona;Viajero;Total;Residentes en España;2023M11;76.831
Total Nacional;09 Cataluña;17 Girona;Viajero;Total;Residentes en España;2023M10;147.501
Total Nacional;09 Cataluña;17 Girona;Viajero;Total;Residentes en España;2023M09;181.503
Total Nacional;09 Cataluña;17 Girona;Viajero;Total;Residentes en España;2023M08;264.027
Total Nacional;09 Cataluña;17 Girona;Viajero;Total;Residentes en España;2023M07;227.893
Total Nacional;09 Cataluña;17 Girona;Viajero;Total;Residentes en España;2023M06;239.930
Total Nacional;09 Cataluña;17 Girona;Viajero;Total;Residentes en España;2023M05;146.828
Total Nacional;09 Cataluña;17 Girona;Viajero;Total;Residentes en España;2023M04;192.039
Total Nacional;09 Cataluña;17 Girona;Viajero;Total;Residentes en España;2023M03;100.350
Total Nacional;09 Cataluña;17 Girona;Viajero;Total;Residentes en España;2023M02;84.001
Total Nacional;09 Cataluña;17 Girona;Viajero;Total;Residentes en España;2023M01;77.001
Total Nacional;09 Cataluña;17 Girona;Viajero;Total;Residentes en España;2022M12;101.790
Total Nacional;09 Cataluña;17 Girona;Viajero;Total;Residentes en España;2022M11;75.232
Total Nacional;09 Cataluña;17 Girona;Viajero;Total;Residentes en España;2022M10;148.190
Total Nacional;09 Cataluña;17 Girona;Viajero;Total;Residentes en España;2022M09;176.025
Total Nacional;09 Cataluña;17 Girona;Viajero;Total;Residentes en España;2022M08;273.522
Total Nacional;09 Cataluña;17 Girona;Viajero;Total;Residentes en España;2022M07;244.445
Total Nacional;09 Cataluña;17 Girona;Viajero;Total;Residentes en España;2022M06;255.088
Total Nacional;09 Cataluña;17 Girona;Viajero;Total;Residentes en España;2022M05;148.939
Total Nacional;09 Cataluña;17 Girona;Viajero;Total;Residentes en España;2022M04;172.924
Total Nacional;09 Cataluña;17 Girona;Viajero;Total;Residentes en España;2022M03;94.875
Total Nacional;09 Cataluña;17 Girona;Viajero;Total;Residentes en España;2022M02;92.785
Total Nacional;09 Cataluña;17 Girona;Viajero;Total;Residentes en España;2022M01;81.482
Total Nacional;09 Cataluña;17 Girona;Viajero;Total;Residentes en España;2021M12;105.791
Total Nacional;09 Cataluña;17 Girona;Viajero;Total;Residentes en España;2021M11;76.945
Total Nacional;09 Cataluña;17 Girona;Viajero;Total;Residentes en España;2021M10;151.193
Total Nacional;09 Cataluña;17 Girona;Viajero;Total;Residentes en España;2021M09;187.260
Total Nacional;09 Cataluña;17 Girona;Viajero;Total;Residentes en España;2021M08;350.951
Total Nacional;09 Cataluña;17 Girona;Viajero;Total;Residentes en España;2021M07;268.879
Total Nacional;09 Cataluña;17 Girona;Viajero;Total;Residentes en España;2021M06;214.970
Total Nacional;09 Cataluña;17 Girona;Viajero;Total;Residentes en España;2021M05;121.192
Total Nacional;09 Cataluña;17 Girona;Viajero;Total;Residentes en España;2021M04;52.793
Total Nacional;09 Cataluña;17 Girona;Viajero;Total;Residentes en España;2021M03;54.216
Total Nacional;09 Cataluña;17 Girona;Viajero;Total;Residentes en España;2021M02;20.307
Total Nacional;09 Cataluña;17 Girona;Viajero;Total;Residentes en España;2021M01;19.655
Total Nacional;09 Cataluña;17 Girona;Viajero;Total;Residentes en España;2020M12;25.094
Total Nacional;09 Cataluña;17 Girona;Viajero;Total;Residentes en España;2020M11;14.092
Total Nacional;09 Cataluña;17 Girona;Viajero;Total;Residentes en España;2020M10;59.494
Total Nacional;09 Cataluña;17 Girona;Viajero;Total;Residentes en España;2020M09;178.692
Total Nacional;09 Cataluña;17 Girona;Viajero;Total;Residentes en España;2020M08;324.492
Total Nacional;09 Cataluña;17 Girona;Viajero;Total;Residentes en España;2020M07;197.564
Total Nacional;09 Cataluña;17 Girona;Viajero;Total;Residentes en España;2020M06;45.154
Total Nacional;09 Cataluña;17 Girona;Viajero;Total;Residentes en España;2020M05;1.002
Total Nacional;09 Cataluña;17 Girona;Viajero;Total;Residentes en España;2020M04;0
Total Nacional;09 Cataluña;17 Girona;Viajero;Total;Residentes en España;2020M03;38.205
Total Nacional;09 Cataluña;17 Girona;Viajero;Total;Residentes en España;2020M02;93.527
Total Nacional;09 Cataluña;17 Girona;Viajero;Total;Residentes en España;2020M01;68.163
Total Nacional;09 Cataluña;17 Girona;Viajero;Total;Residentes en el Extranjero;2025M03;100.833
Total Nacional;09 Cataluña;17 Girona;Viajero;Total;Residentes en el Extranjero;2025M02;73.192
Total Nacional;09 Cataluña;17 Girona;Viajero;Total;Residentes en el Extranjero;2025M01;59.523
Total Nacional;09 Cataluña;17 Girona;Viajero;Total;Residentes en el Extranjero;2024M12;57.552
Total Nacional;09 Cataluña;17 Girona;Viajero;Total;Residentes en el Extranjero;2024M11;71.290
Total Nacional;09 Cataluña;17 Girona;Viajero;Total;Residentes en el Extranjero;2024M10;254.757
Total Nacional;09 Cataluña;17 Girona;Viajero;Total;Residentes en el Extranjero;2024M09;335.355
Total Nacional;09 Cataluña;17 Girona;Viajero;Total;Residentes en el Extranjero;2024M08;408.296
Total Nacional;09 Cataluña;17 Girona;Viajero;Total;Residentes en el Extranjero;2024M07;394.905
Total Nacional;09 Cataluña;17 Girona;Viajero;Total;Residentes en el Extranjero;2024M06;302.868
Total Nacional;09 Cataluña;17 Girona;Viajero;Total;Residentes en el Extranjero;2024M05;314.768
Total Nacional;09 Cataluña;17 Girona;Viajero;Total;Residentes en el Extranjero;2024M04;213.439
Total Nacional;09 Cataluña;17 Girona;Viajero;Total;Residentes en el Extranjero;2024M03;109.975
Total Nacional;09 Cataluña;17 Girona;Viajero;Total;Residentes en el Extranjero;2024M02;68.516
Total Nacional;09 Cataluña;17 Girona;Viajero;Total;Residentes en el Extranjero;2024M01;50.860
Total Nacional;09 Cataluña;17 Girona;Viajero;Total;Residentes en el Extranjero;2023M12;63.723
Total Nacional;09 Cataluña;17 Girona;Viajero;Total;Residentes en el Extranjero;2023M11;73.341
Total Nacional;09 Cataluña;17 Girona;Viajero;Total;Residentes en el Extranjero;2023M10;238.094
Total Nacional;09 Cataluña;17 Girona;Viajero;Total;Residentes en el Extranjero;2023M09;314.900
Total Nacional;09 Cataluña;17 Girona;Viajero;Total;Residentes en el Extranjero;2023M08;372.153
Total Nacional;09 Cataluña;17 Girona;Viajero;Total;Residentes en el Extranjero;2023M07;362.769
Total Nacional;09 Cataluña;17 Girona;Viajero;Total;Residentes en el Extranjero;2023M06;274.205
Total Nacional;09 Cataluña;17 Girona;Viajero;Total;Residentes en el Extranjero;2023M05;296.780
Total Nacional;09 Cataluña;17 Girona;Viajero;Total;Residentes en el Extranjero;2023M04;222.915
Total Nacional;09 Cataluña;17 Girona;Viajero;Total;Residentes en el Extranjero;2023M03;87.525
Total Nacional;09 Cataluña;17 Girona;Viajero;Total;Residentes en el Extranjero;2023M02;61.937
Total Nacional;09 Cataluña;17 Girona;Viajero;Total;Residentes en el Extranjero;2023M01;45.351
Total Nacional;09 Cataluña;17 Girona;Viajero;Total;Residentes en el Extranjero;2022M12;53.654
Total Nacional;09 Cataluña;17 Girona;Viajero;Total;Residentes en el Extranjero;2022M11;64.016
Total Nacional;09 Cataluña;17 Girona;Viajero;Total;Residentes en el Extranjero;2022M10;202.899
Total Nacional;09 Cataluña;17 Girona;Viajero;Total;Residentes en el Extranjero;2022M09;277.909
Total Nacional;09 Cataluña;17 Girona;Viajero;Total;Residentes en el Extranjero;2022M08;354.716
Total Nacional;09 Cataluña;17 Girona;Viajero;Total;Residentes en el Extranjero;2022M07;343.860
Total Nacional;09 Cataluña;17 Girona;Viajero;Total;Residentes en el Extranjero;2022M06;254.234
Total Nacional;09 Cataluña;17 Girona;Viajero;Total;Residentes en el Extranjero;2022M05;230.522
Total Nacional;09 Cataluña;17 Girona;Viajero;Total;Residentes en el Extranjero;2022M04;156.628
Total Nacional;09 Cataluña;17 Girona;Viajero;Total;Residentes en el Extranjero;2022M03;53.608
Total Nacional;09 Cataluña;17 Girona;Viajero;Total;Residentes en el Extranjero;2022M02;55.588
Total Nacional;09 Cataluña;17 Girona;Viajero;Total;Residentes en el Extranjero;2022M01;30.145
Total Nacional;09 Cataluña;17 Girona;Viajero;Total;Residentes en el Extranjero;2021M12;39.360
Total Nacional;09 Cataluña;17 Girona;Viajero;Total;Residentes en el Extranjero;2021M11;57.529
Total Nacional;09 Cataluña;17 Girona;Viajero;Total;Residentes en el Extranjero;2021M10;142.025
Total Nacional;09 Cataluña;17 Girona;Viajero;Total;Residentes en el Extranjero;2021M09;150.921
Total Nacional;09 Cataluña;17 Girona;Viajero;Total;Residentes en el Extranjero;2021M08;226.811
Total Nacional;09 Cataluña;17 Girona;Viajero;Total;Residentes en el Extranjero;2021M07;161.972
Total Nacional;09 Cataluña;17 Girona;Viajero;Total;Residentes en el Extranjero;2021M06;79.844
Total Nacional;09 Cataluña;17 Girona;Viajero;Total;Residentes en el Extranjero;2021M05;47.911
Total Nacional;09 Cataluña;17 Girona;Viajero;Total;Residentes en el Extranjero;2021M04;14.445
Total Nacional;09 Cataluña;17 Girona;Viajero;Total;Residentes en el Extranjero;2021M03;13.155
Total Nacional;09 Cataluña;17 Girona;Viajero;Total;Residentes en el Extranjero;2021M02;7.823
Total Nacional;09 Cataluña;17 Girona;Viajero;Total;Residentes en el Extranjero;2021M01;9.536
Total Nacional;09 Cataluña;17 Girona;Viajero;Total;Residentes en el Extranjero;2020M12;12.429
Total Nacional;09 Cataluña;17 Girona;Viajero;Total;Residentes en el Extranjero;2020M11;7.159
Total Nacional;09 Cataluña;17 Girona;Viajero;Total;Residentes en el Extranjero;2020M10;35.020
Total Nacional;09 Cataluña;17 Girona;Viajero;Total;Residentes en el Extranjero;2020M09;55.528
Total Nacional;09 Cataluña;17 Girona;Viajero;Total;Residentes en el Extranjero;2020M08;107.544
Total Nacional;09 Cataluña;17 Girona;Viajero;Total;Residentes en el Extranjero;2020M07;107.813
Total Nacional;09 Cataluña;17 Girona;Viajero;Total;Residentes en el Extranjero;2020M06;16.623
Total Nacional;09 Cataluña;17 Girona;Viajero;Total;Residentes en el Extranjero;2020M05;300
Total Nacional;09 Cataluña;17 Girona;Viajero;Total;Residentes en el Extranjero;2020M04;0
Total Nacional;09 Cataluña;17 Girona;Viajero;Total;Residentes en el Extranjero;2020M03;29.969
Total Nacional;09 Cataluña;17 Girona;Viajero;Total;Residentes en el Extranjero;2020M02;65.473
Total Nacional;09 Cataluña;17 Girona;Viajero;Total;Residentes en el Extranjero;2020M01;44.112
Total Nacional;09 Cataluña;17 Girona;Pernoctaciones;Total;;2025M03;487.964
Total Nacional;09 Cataluña;17 Girona;Pernoctaciones;Total;;2025M02;303.624
Total Nacional;09 Cataluña;17 Girona;Pernoctaciones;Total;;2025M01;250.702
Total Nacional;09 Cataluña;17 Girona;Pernoctaciones;Total;;2024M12;246.708
Total Nacional;09 Cataluña;17 Girona;Pernoctaciones;Total;;2024M11;285.700
Total Nacional;09 Cataluña;17 Girona;Pernoctaciones;Total;;2024M10;1.090.967
Total Nacional;09 Cataluña;17 Girona;Pernoctaciones;Total;;2024M09;1.639.557
Total Nacional;09 Cataluña;17 Girona;Pernoctaciones;Total;;2024M08;2.440.731
Total Nacional;09 Cataluña;17 Girona;Pernoctaciones;Total;;2024M07;2.228.960
Total Nacional;09 Cataluña;17 Girona;Pernoctaciones;Total;;2024M06;1.585.546
Total Nacional;09 Cataluña;17 Girona;Pernoctaciones;Total;;2024M05;1.356.779
Total Nacional;09 Cataluña;17 Girona;Pernoctaciones;Total;;2024M04;876.179
Total Nacional;09 Cataluña;17 Girona;Pernoctaciones;Total;;2024M03;554.160
Total Nacional;09 Cataluña;17 Girona;Pernoctaciones;Total;;2024M02;274.407
Total Nacional;09 Cataluña;17 Girona;Pernoctaciones;Total;;2024M01;212.116
Total Nacional;09 Cataluña;17 Girona;Pernoctaciones;Total;;2023M12;308.760
Total Nacional;09 Cataluña;17 Girona;Pernoctaciones;Total;;2023M11;304.105
Total Nacional;09 Cataluña;17 Girona;Pernoctaciones;Total;;2023M10;1.076.982
Total Nacional;09 Cataluña;17 Girona;Pernoctaciones;Total;;2023M09;1.582.302
Total Nacional;09 Cataluña;17 Girona;Pernoctaciones;Total;;2023M08;2.335.305
Total Nacional;09 Cataluña;17 Girona;Pernoctaciones;Total;;2023M07;2.099.009
Total Nacional;09 Cataluña;17 Girona;Pernoctaciones;Total;;2023M06;1.490.213
Total Nacional;09 Cataluña;17 Girona;Pernoctaciones;Total;;2023M05;1.217.666
Total Nacional;09 Cataluña;17 Girona;Pernoctaciones;Total;;2023M04;1.037.458
Total Nacional;09 Cataluña;17 Girona;Pernoctaciones;Total;;2023M03;415.967
Total Nacional;09 Cataluña;17 Girona;Pernoctaciones;Total;;2023M02;290.680
Total Nacional;09 Cataluña;17 Girona;Pernoctaciones;Total;;2023M01;240.467
Total Nacional;09 Cataluña;17 Girona;Pernoctaciones;Total;;2022M12;298.209
Total Nacional;09 Cataluña;17 Girona;Pernoctaciones;Total;;2022M11;283.568
Total Nacional;09 Cataluña;17 Girona;Pernoctaciones;Total;;2022M10;874.310
Total Nacional;09 Cataluña;17 Girona;Pernoctaciones;Total;;2022M09;1.377.674
Total Nacional;09 Cataluña;17 Girona;Pernoctaciones;Total;;2022M08;2.360.768
Total Nacional;09 Cataluña;17 Girona;Pernoctaciones;Total;;2022M07;2.068.066
Total Nacional;09 Cataluña;17 Girona;Pernoctaciones;Total;;2022M06;1.385.761
Total Nacional;09 Cataluña;17 Girona;Pernoctaciones;Total;;2022M05;980.345
Total Nacional;09 Cataluña;17 Girona;Pernoctaciones;Total;;2022M04;825.358
Total Nacional;09 Cataluña;17 Girona;Pernoctaciones;Total;;2022M03;317.741
Total Nacional;09 Cataluña;17 Girona;Pernoctaciones;Total;;2022M02;271.749
Total Nacional;09 Cataluña;17 Girona;Pernoctaciones;Total;;2022M01;204.903
Total Nacional;09 Cataluña;17 Girona;Pernoctaciones;Total;;2021M12;261.573
Total Nacional;09 Cataluña;17 Girona;Pernoctaciones;Total;;2021M11;246.367
Total Nacional;09 Cataluña;17 Girona;Pernoctaciones;Total;;2021M10;666.071
Total Nacional;09 Cataluña;17 Girona;Pernoctaciones;Total;;2021M09;938.605
Total Nacional;09 Cataluña;17 Girona;Pernoctaciones;Total;;2021M08;1.910.245
Total Nacional;09 Cataluña;17 Girona;Pernoctaciones;Total;;2021M07;1.270.486
Total Nacional;09 Cataluña;17 Girona;Pernoctaciones;Total;;2021M06;625.488
Total Nacional;09 Cataluña;17 Girona;Pernoctaciones;Total;;2021M05;289.115
Total Nacional;09 Cataluña;17 Girona;Pernoctaciones;Total;;2021M04;118.235
Total Nacional;09 Cataluña;17 Girona;Pernoctaciones;Total;;2021M03;107.068
Total Nacional;09 Cataluña;17 Girona;Pernoctaciones;Total;;2021M02;46.739
Total Nacional;09 Cataluña;17 Girona;Pernoctaciones;Total;;2021M01;48.099
Total Nacional;09 Cataluña;17 Girona;Pernoctaciones;Total;;2020M12;60.570
Total Nacional;09 Cataluña;17 Girona;Pernoctaciones;Total;;2020M11;38.018
Total Nacional;09 Cataluña;17 Girona;Pernoctaciones;Total;;2020M10;171.331
Total Nacional;09 Cataluña;17 Girona;Pernoctaciones;Total;;2020M09;486.557
Total Nacional;09 Cataluña;17 Girona;Pernoctaciones;Total;;2020M08;1.170.335
Total Nacional;09 Cataluña;17 Girona;Pernoctaciones;Total;;2020M07;774.095
Total Nacional;09 Cataluña;17 Girona;Pernoctaciones;Total;;2020M06;108.260
Total Nacional;09 Cataluña;17 Girona;Pernoctaciones;Total;;2020M05;2.712
Total Nacional;09 Cataluña;17 Girona;Pernoctaciones;Total;;2020M04;0
Total Nacional;09 Cataluña;17 Girona;Pernoctaciones;Total;;2020M03;145.900
Total Nacional;09 Cataluña;17 Girona;Pernoctaciones;Total;;2020M02;304.085
Total Nacional;09 Cataluña;17 Girona;Pernoctaciones;Total;;2020M01;209.492
Total Nacional;09 Cataluña;17 Girona;Pernoctaciones;Total;Residentes en España;2025M03;238.161
Total Nacional;09 Cataluña;17 Girona;Pernoctaciones;Total;Residentes en España;2025M02;153.957
Total Nacional;09 Cataluña;17 Girona;Pernoctaciones;Total;Residentes en España;2025M01;134.300
Total Nacional;09 Cataluña;17 Girona;Pernoctaciones;Total;Residentes en España;2024M12;146.726
Total Nacional;09 Cataluña;17 Girona;Pernoctaciones;Total;Residentes en España;2024M11;141.791
Total Nacional;09 Cataluña;17 Girona;Pernoctaciones;Total;Residentes en España;2024M10;243.188
Total Nacional;09 Cataluña;17 Girona;Pernoctaciones;Total;Residentes en España;2024M09;341.466
Total Nacional;09 Cataluña;17 Girona;Pernoctaciones;Total;Residentes en España;2024M08;743.025
Total Nacional;09 Cataluña;17 Girona;Pernoctaciones;Total;Residentes en España;2024M07;519.927
Total Nacional;09 Cataluña;17 Girona;Pernoctaciones;Total;Residentes en España;2024M06;491.870
Total Nacional;09 Cataluña;17 Girona;Pernoctaciones;Total;Residentes en España;2024M05;359.515
Total Nacional;09 Cataluña;17 Girona;Pernoctaciones;Total;Residentes en España;2024M04;231.609
Total Nacional;09 Cataluña;17 Girona;Pernoctaciones;Total;Residentes en España;2024M03;267.739
Total Nacional;09 Cataluña;17 Girona;Pernoctaciones;Total;Residentes en España;2024M02;125.343
Total Nacional;09 Cataluña;17 Girona;Pernoctaciones;Total;Residentes en España;2024M01;120.857
Total Nacional;09 Cataluña;17 Girona;Pernoctaciones;Total;Residentes en España;2023M12;176.705
Total Nacional;09 Cataluña;17 Girona;Pernoctaciones;Total;Residentes en España;2023M11;130.560
Total Nacional;09 Cataluña;17 Girona;Pernoctaciones;Total;Residentes en España;2023M10;266.361
Total Nacional;09 Cataluña;17 Girona;Pernoctaciones;Total;Residentes en España;2023M09;380.955
Total Nacional;09 Cataluña;17 Girona;Pernoctaciones;Total;Residentes en España;2023M08;789.014
Total Nacional;09 Cataluña;17 Girona;Pernoctaciones;Total;Residentes en España;2023M07;591.426
Total Nacional;09 Cataluña;17 Girona;Pernoctaciones;Total;Residentes en España;2023M06;485.185
Total Nacional;09 Cataluña;17 Girona;Pernoctaciones;Total;Residentes en España;2023M05;294.462
Total Nacional;09 Cataluña;17 Girona;Pernoctaciones;Total;Residentes en España;2023M04;385.678
Total Nacional;09 Cataluña;17 Girona;Pernoctaciones;Total;Residentes en España;2023M03;190.360
Total Nacional;09 Cataluña;17 Girona;Pernoctaciones;Total;Residentes en España;2023M02;145.810
Total Nacional;09 Cataluña;17 Girona;Pernoctaciones;Total;Residentes en España;2023M01;138.992
Total Nacional;09 Cataluña;17 Girona;Pernoctaciones;Total;Residentes en España;2022M12;189.849
Total Nacional;09 Cataluña;17 Girona;Pernoctaciones;Total;Residentes en España;2022M11;130.250
Total Nacional;09 Cataluña;17 Girona;Pernoctaciones;Total;Residentes en España;2022M10;253.035
Total Nacional;09 Cataluña;17 Girona;Pernoctaciones;Total;Residentes en España;2022M09;372.824
Total Nacional;09 Cataluña;17 Girona;Pernoctaciones;Total;Residentes en España;2022M08;826.799
Total Nacional;09 Cataluña;17 Girona;Pernoctaciones;Total;Residentes en España;2022M07;619.760
Total Nacional;09 Cataluña;17 Girona;Pernoctaciones;Total;Residentes en España;2022M06;525.728
Total Nacional;09 Cataluña;17 Girona;Pernoctaciones;Total;Residentes en España;2022M05;294.420
Total Nacional;09 Cataluña;17 Girona;Pernoctaciones;Total;Residentes en España;2022M04;341.555
Total Nacional;09 Cataluña;17 Girona;Pernoctaciones;Total;Residentes en España;2022M03;193.695
Total Nacional;09 Cataluña;17 Girona;Pernoctaciones;Total;Residentes en España;2022M02;158.061
Total Nacional;09 Cataluña;17 Girona;Pernoctaciones;Total;Residentes en España;2022M01;148.330
Total Nacional;09 Cataluña;17 Girona;Pernoctaciones;Total;Residentes en España;2021M12;190.551
Total Nacional;09 Cataluña;17 Girona;Pernoctaciones;Total;Residentes en España;2021M11;116.200
Total Nacional;09 Cataluña;17 Girona;Pernoctaciones;Total;Residentes en España;2021M10;252.824
Total Nacional;09 Cataluña;17 Girona;Pernoctaciones;Total;Residentes en España;2021M09;419.560
Total Nacional;09 Cataluña;17 Girona;Pernoctaciones;Total;Residentes en España;2021M08;1.061.665
Total Nacional;09 Cataluña;17 Girona;Pernoctaciones;Total;Residentes en España;2021M07;668.729
Total Nacional;09 Cataluña;17 Girona;Pernoctaciones;Total;Residentes en España;2021M06;419.158
Total Nacional;09 Cataluña;17 Girona;Pernoctaciones;Total;Residentes en España;2021M05;193.531
Total Nacional;09 Cataluña;17 Girona;Pernoctaciones;Total;Residentes en España;2021M04;91.696
Total Nacional;09 Cataluña;17 Girona;Pernoctaciones;Total;Residentes en España;2021M03;84.848
Total Nacional;09 Cataluña;17 Girona;Pernoctaciones;Total;Residentes en España;2021M02;32.579
Total Nacional;09 Cataluña;17 Girona;Pernoctaciones;Total;Residentes en España;2021M01;31.937
Total Nacional;09 Cataluña;17 Girona;Pernoctaciones;Total;Residentes en España;2020M12;41.608
Total Nacional;09 Cataluña;17 Girona;Pernoctaciones;Total;Residentes en España;2020M11;26.377
Total Nacional;09 Cataluña;17 Girona;Pernoctaciones;Total;Residentes en España;2020M10;103.386
Total Nacional;09 Cataluña;17 Girona;Pernoctaciones;Total;Residentes en España;2020M09;360.339
Total Nacional;09 Cataluña;17 Girona;Pernoctaciones;Total;Residentes en España;2020M08;836.400
Total Nacional;09 Cataluña;17 Girona;Pernoctaciones;Total;Residentes en España;2020M07;424.641
Total Nacional;09 Cataluña;17 Girona;Pernoctaciones;Total;Residentes en España;2020M06;78.548
Total Nacional;09 Cataluña;17 Girona;Pernoctaciones;Total;Residentes en España;2020M05;1.788
Total Nacional;09 Cataluña;17 Girona;Pernoctaciones;Total;Residentes en España;2020M04;0
Total Nacional;09 Cataluña;17 Girona;Pernoctaciones;Total;Residentes en España;2020M03;71.518
Total Nacional;09 Cataluña;17 Girona;Pernoctaciones;Total;Residentes en España;2020M02;172.439
Total Nacional;09 Cataluña;17 Girona;Pernoctaciones;Total;Residentes en España;2020M01;130.132
Total Nacional;09 Cataluña;17 Girona;Pernoctaciones;Total;Residentes en el Extranjero;2025M03;249.803
Total Nacional;09 Cataluña;17 Girona;Pernoctaciones;Total;Residentes en el Extranjero;2025M02;149.667
Total Nacional;09 Cataluña;17 Girona;Pernoctaciones;Total;Residentes en el Extranjero;2025M01;116.402
Total Nacional;09 Cataluña;17 Girona;Pernoctaciones;Total;Residentes en el Extranjero;2024M12;99.982
Total Nacional;09 Cataluña;17 Girona;Pernoctaciones;Total;Residentes en el Extranjero;2024M11;143.908
Total Nacional;09 Cataluña;17 Girona;Pernoctaciones;Total;Residentes en el Extranjero;2024M10;847.780
Total Nacional;09 Cataluña;17 Girona;Pernoctaciones;Total;Residentes en el Extranjero;2024M09;1.298.091
Total Nacional;09 Cataluña;17 Girona;Pernoctaciones;Total;Residentes en el Extranjero;2024M08;1.697.706
Total Nacional;09 Cataluña;17 Girona;Pernoctaciones;Total;Residentes en el Extranjero;2024M07;1.709.033
Total Nacional;09 Cataluña;17 Girona;Pernoctaciones;Total;Residentes en el Extranjero;2024M06;1.093.676
Total Nacional;09 Cataluña;17 Girona;Pernoctaciones;Total;Residentes en el Extranjero;2024M05;997.264
Total Nacional;09 Cataluña;17 Girona;Pernoctaciones;Total;Residentes en el Extranjero;2024M04;644.570
Total Nacional;09 Cataluña;17 Girona;Pernoctaciones;Total;Residentes en el Extranjero;2024M03;286.421
Total Nacional;09 Cataluña;17 Girona;Pernoctaciones;Total;Residentes en el Extranjero;2024M02;149.064
Total Nacional;09 Cataluña;17 Girona;Pernoctaciones;Total;Residentes en el Extranjero;2024M01;91.259
Total Nacional;09 Cataluña;17 Girona;Pernoctaciones;Total;Residentes en el Extranjero;2023M12;132.056
Total Nacional;09 Cataluña;17 Girona;Pernoctaciones;Total;Residentes en el Extranjero;2023M11;173.545
Total Nacional;09 Cataluña;17 Girona;Pernoctaciones;Total;Residentes en el Extranjero;2023M10;810.621
Total Nacional;09 Cataluña;17 Girona;Pernoctaciones;Total;Residentes en el Extranjero;2023M09;1.201.347
Total Nacional;09 Cataluña;17 Girona;Pernoctaciones;Total;Residentes en el Extranjero;2023M08;1.546.291
Total Nacional;09 Cataluña;17 Girona;Pernoctaciones;Total;Residentes en el Extranjero;2023M07;1.507.584
Total Nacional;09 Cataluña;17 Girona;Pernoctaciones;Total;Residentes en el Extranjero;2023M06;1.005.028
Total Nacional;09 Cataluña;17 Girona;Pernoctaciones;Total;Residentes en el Extranjero;2023M05;923.204
Total Nacional;09 Cataluña;17 Girona;Pernoctaciones;Total;Residentes en el Extranjero;2023M04;651.780
Total Nacional;09 Cataluña;17 Girona;Pernoctaciones;Total;Residentes en el Extranjero;2023M03;225.607
Total Nacional;09 Cataluña;17 Girona;Pernoctaciones;Total;Residentes en el Extranjero;2023M02;144.870
Total Nacional;09 Cataluña;17 Girona;Pernoctaciones;Total;Residentes en el Extranjero;2023M01;101.475
Total Nacional;09 Cataluña;17 Girona;Pernoctaciones;Total;Residentes en el Extranjero;2022M12;108.360
Total Nacional;09 Cataluña;17 Girona;Pernoctaciones;Total;Residentes en el Extranjero;2022M11;153.317
Total Nacional;09 Cataluña;17 Girona;Pernoctaciones;Total;Residentes en el Extranjero;2022M10;621.275
Total Nacional;09 Cataluña;17 Girona;Pernoctaciones;Total;Residentes en el Extranjero;2022M09;1.004.850
Total Nacional;09 Cataluña;17 Girona;Pernoctaciones;Total;Residentes en el Extranjero;2022M08;1.533.968
Total Nacional;09 Cataluña;17 Girona;Pernoctaciones;Total;Residentes en el Extranjero;2022M07;1.448.306
Total Nacional;09 Cataluña;17 Girona;Pernoctaciones;Total;Residentes en el Extranjero;2022M06;860.032
Total Nacional;09 Cataluña;17 Girona;Pernoctaciones;Total;Residentes en el Extranjero;2022M05;685.925
Total Nacional;09 Cataluña;17 Girona;Pernoctaciones;Total;Residentes en el Extranjero;2022M04;483.804
Total Nacional;09 Cataluña;17 Girona;Pernoctaciones;Total;Residentes en el Extranjero;2022M03;124.045
Total Nacional;09 Cataluña;17 Girona;Pernoctaciones;Total;Residentes en el Extranjero;2022M02;113.688
Total Nacional;09 Cataluña;17 Girona;Pernoctaciones;Total;Residentes en el Extranjero;2022M01;56.573
Total Nacional;09 Cataluña;17 Girona;Pernoctaciones;Total;Residentes en el Extranjero;2021M12;71.022
Total Nacional;09 Cataluña;17 Girona;Pernoctaciones;Total;Residentes en el Extranjero;2021M11;130.166
Total Nacional;09 Cataluña;17 Girona;Pernoctaciones;Total;Residentes en el Extranjero;2021M10;413.248
Total Nacional;09 Cataluña;17 Girona;Pernoctaciones;Total;Residentes en el Extranjero;2021M09;519.045
Total Nacional;09 Cataluña;17 Girona;Pernoctaciones;Total;Residentes en el Extranjero;2021M08;848.580
Total Nacional;09 Cataluña;17 Girona;Pernoctaciones;Total;Residentes en el Extranjero;2021M07;601.757
Total Nacional;09 Cataluña;17 Girona;Pernoctaciones;Total;Residentes en el Extranjero;2021M06;206.330
Total Nacional;09 Cataluña;17 Girona;Pernoctaciones;Total;Residentes en el Extranjero;2021M05;95.584
Total Nacional;09 Cataluña;17 Girona;Pernoctaciones;Total;Residentes en el Extranjero;2021M04;26.539
Total Nacional;09 Cataluña;17 Girona;Pernoctaciones;Total;Residentes en el Extranjero;2021M03;22.220
Total Nacional;09 Cataluña;17 Girona;Pernoctaciones;Total;Residentes en el Extranjero;2021M02;14.160
Total Nacional;09 Cataluña;17 Girona;Pernoctaciones;Total;Residentes en el Extranjero;2021M01;16.162
Total Nacional;09 Cataluña;17 Girona;Pernoctaciones;Total;Residentes en el Extranjero;2020M12;18.962
Total Nacional;09 Cataluña;17 Girona;Pernoctaciones;Total;Residentes en el Extranjero;2020M11;11.641
Total Nacional;09 Cataluña;17 Girona;Pernoctaciones;Total;Residentes en el Extranjero;2020M10;67.945
Total Nacional;09 Cataluña;17 Girona;Pernoctaciones;Total;Residentes en el Extranjero;2020M09;126.219
Total Nacional;09 Cataluña;17 Girona;Pernoctaciones;Total;Residentes en el Extranjero;2020M08;333.935
Total Nacional;09 Cataluña;17 Girona;Pernoctaciones;Total;Residentes en el Extranjero;2020M07;349.454
Total Nacional;09 Cataluña;17 Girona;Pernoctaciones;Total;Residentes en el Extranjero;2020M06;29.712
Total Nacional;09 Cataluña;17 Girona;Pernoctaciones;Total;Residentes en el Extranjero;2020M05;923
Total Nacional;09 Cataluña;17 Girona;Pernoctaciones;Total;Residentes en el Extranjero;2020M04;0
Total Nacional;09 Cataluña;17 Girona;Pernoctaciones;Total;Residentes en el Extranjero;2020M03;74.382
Total Nacional;09 Cataluña;17 Girona;Pernoctaciones;Total;Residentes en el Extranjero;2020M02;131.645
Total Nacional;09 Cataluña;17 Girona;Pernoctaciones;Total;Residentes en el Extranjero;2020M01;79.360
